[{"model": "admin.logentry", "pk": 1, "fields": {"action_time": "2024-01-27T04:32:58.633Z", "user": 1, "content_type": 6, "object_id": "1", "object_repr": "Indumentaria Masculi", "action_flag": 1, "change_message": "[{\"added\": {}}]"}}, {"model": "admin.logentry", "pk": 2, "fields": {"action_time": "2024-01-27T04:34:35.093Z", "user": 1, "content_type": 6, "object_id": "2", "object_repr": "IndumentarÝa Femenin", "action_flag": 1, "change_message": "[{\"added\": {}}]"}}, {"model": "admin.logentry", "pk": 3, "fields": {"action_time": "2024-01-27T04:37:05.064Z", "user": 1, "content_type": 6, "object_id": "3", "object_repr": "Componentes PC", "action_flag": 1, "change_message": "[{\"added\": {}}]"}}, {"model": "admin.logentry", "pk": 4, "fields": {"action_time": "2024-01-27T04:43:29.942Z", "user": 1, "content_type": 6, "object_id": "4", "object_repr": "Celulares", "action_flag": 1, "change_message": "[{\"added\": {}}]"}}, {"model": "admin.logentry", "pk": 5, "fields": {"action_time": "2024-01-27T04:49:10.354Z", "user": 1, "content_type": 9, "object_id": "1", "object_repr": "SAMSUNG Galaxy Z Flip 3 5G", "action_flag": 1, "change_message": "[{\"added\": {}}]"}}, {"model": "admin.logentry", "pk": 6, "fields": {"action_time": "2024-01-27T04:54:32.938Z", "user": 1, "content_type": 9, "object_id": "2", "object_repr": "Apple - iPhone 11", "action_flag": 1, "change_message": "[{\"added\": {}}]"}}, {"model": "admin.logentry", "pk": 7, "fields": {"action_time": "2024-01-27T04:56:00.311Z", "user": 1, "content_type": 9, "object_id": "3", "object_repr": "Samsung  Galaxy A13 5G,", "action_flag": 1, "change_message": "[{\"added\": {}}]"}}, {"model": "admin.logentry", "pk": 8, "fields": {"action_time": "2024-01-27T04:57:29.850Z", "user": 1, "content_type": 9, "object_id": "4", "object_repr": "ASHATA TelÚfono celular", "action_flag": 1, "change_message": "[{\"added\": {}}]"}}, {"model": "admin.logentry", "pk": 9, "fields": {"action_time": "2024-01-27T05:00:02.599Z", "user": 1, "content_type": 9, "object_id": "5", "object_repr": "QIMHAI 6.7Inch ip14pro", "action_flag": 1, "change_message": "[{\"added\": {}}]"}}, {"model": "admin.logentry", "pk": 10, "fields": {"action_time": "2024-01-27T05:02:00.586Z", "user": 1, "content_type": 9, "object_id": "6", "object_repr": "SAMSUNG Galaxy S23", "action_flag": 1, "change_message": "[{\"added\": {}}]"}}, {"model": "admin.logentry", "pk": 11, "fields": {"action_time": "2024-01-27T05:07:09.468Z", "user": 1, "content_type": 9, "object_id": "7", "object_repr": "Computadora PC de escritorio para juegos", "action_flag": 1, "change_message": "[{\"added\": {}}]"}}, {"model": "admin.logentry", "pk": 12, "fields": {"action_time": "2024-01-27T05:08:59.896Z", "user": 1, "content_type": 9, "object_id": "8", "object_repr": "Procesador Intel Core i7", "action_flag": 1, "change_message": "[{\"added\": {}}]"}}, {"model": "admin.logentry", "pk": 13, "fields": {"action_time": "2024-01-27T05:10:22.401Z", "user": 1, "content_type": 9, "object_id": "9", "object_repr": "Ventilador de refrigeraci¾n", "action_flag": 1, "change_message": "[{\"added\": {}}]"}}, {"model": "admin.logentry", "pk": 14, "fields": {"action_time": "2024-01-27T05:11:56.982Z", "user": 1, "content_type": 9, "object_id": "10", "object_repr": "Procesador  AMD Ryzen 9", "action_flag": 1, "change_message": "[{\"added\": {}}]"}}, {"model": "admin.logentry", "pk": 15, "fields": {"action_time": "2024-01-27T05:13:26.346Z", "user": 1, "content_type": 9, "object_id": "11", "object_repr": "TECKNET Rat¾n inalßmbric", "action_flag": 1, "change_message": "[{\"added\": {}}]"}}, {"model": "admin.logentry", "pk": 16, "fields": {"action_time": "2024-01-27T05:15:08.086Z", "user": 1, "content_type": 9, "object_id": "12", "object_repr": "Mouse inalßmbrico", "action_flag": 1, "change_message": "[{\"added\": {}}]"}}, {"model": "admin.logentry", "pk": 17, "fields": {"action_time": "2024-01-27T05:16:38.897Z", "user": 1, "content_type": 9, "object_id": "13", "object_repr": "eclado inalßmbrico Gaming", "action_flag": 1, "change_message": "[{\"added\": {}}]"}}, {"model": "admin.logentry", "pk": 18, "fields": {"action_time": "2024-01-27T05:18:23.537Z", "user": 1, "content_type": 9, "object_id": "14", "object_repr": "teclado mecßnico con cable para juegos", "action_flag": 1, "change_message": "[{\"added\": {}}]"}}, {"model": "admin.logentry", "pk": 19, "fields": {"action_time": "2024-01-27T05:20:15.599Z", "user": 1, "content_type": 9, "object_id": "15", "object_repr": "Monitor de computadora  de 34\"", "action_flag": 1, "change_message": "[{\"added\": {}}]"}}, {"model": "admin.logentry", "pk": 20, "fields": {"action_time": "2024-01-27T05:22:00.564Z", "user": 1, "content_type": 9, "object_id": "16", "object_repr": "Monitor de 23.8\",", "action_flag": 1, "change_message": "[{\"added\": {}}]"}}, {"model": "admin.logentry", "pk": 21, "fields": {"action_time": "2024-01-27T05:23:52.789Z", "user": 1, "content_type": 9, "object_id": "17", "object_repr": "ToLuLu Cßmara web", "action_flag": 1, "change_message": "[{\"added\": {}}]"}}, {"model": "admin.logentry", "pk": 22, "fields": {"action_time": "2024-01-27T05:25:33.304Z", "user": 1, "content_type": 9, "object_id": "18", "object_repr": ", disco duro de estado s¾lido", "action_flag": 1, "change_message": "[{\"added\": {}}]"}}, {"model": "admin.logentry", "pk": 23, "fields": {"action_time": "2024-01-27T05:30:51.539Z", "user": 1, "content_type": 9, "object_id": "19", "object_repr": "LIUZH SuÚter de punto", "action_flag": 1, "change_message": "[{\"added\": {}}]"}}, {"model": "admin.logentry", "pk": 24, "fields": {"action_time": "2024-01-27T05:32:46.047Z", "user": 1, "content_type": 9, "object_id": "20", "object_repr": "Camisa a rayas", "action_flag": 1, "change_message": "[{\"added\": {}}]"}}, {"model": "admin.logentry", "pk": 25, "fields": {"action_time": "2024-01-27T05:34:16.195Z", "user": 1, "content_type": 9, "object_id": "21", "object_repr": "Chaqueta de mezclilla de algod¾n", "action_flag": 1, "change_message": "[{\"added\": {}}]"}}, {"model": "admin.logentry", "pk": 26, "fields": {"action_time": "2024-01-27T05:36:31.222Z", "user": 1, "content_type": 9, "object_id": "22", "object_repr": "Camisa estampado de rayas", "action_flag": 1, "change_message": "[{\"added\": {}}]"}}, {"model": "admin.logentry", "pk": 27, "fields": {"action_time": "2024-01-27T05:41:58.171Z", "user": 1, "content_type": 9, "object_id": "23", "object_repr": "EVSER Camisetas masculinas", "action_flag": 1, "change_message": "[{\"added\": {}}]"}}, {"model": "admin.logentry", "pk": 28, "fields": {"action_time": "2024-01-27T05:45:08.299Z", "user": 1, "content_type": 9, "object_id": "24", "object_repr": "Camisa de lino", "action_flag": 1, "change_message": "[{\"added\": {}}]"}}, {"model": "admin.logentry", "pk": 29, "fields": {"action_time": "2024-01-27T05:48:53.607Z", "user": 1, "content_type": 9, "object_id": "25", "object_repr": "Pantalones cortos", "action_flag": 1, "change_message": "[{\"added\": {}}]"}}, {"model": "admin.logentry", "pk": 30, "fields": {"action_time": "2024-01-27T05:51:23.258Z", "user": 1, "content_type": 9, "object_id": "26", "object_repr": "Camisa polo masculina", "action_flag": 1, "change_message": "[{\"added\": {}}]"}}, {"model": "admin.logentry", "pk": 31, "fields": {"action_time": "2024-01-27T05:54:31.670Z", "user": 1, "content_type": 9, "object_id": "27", "object_repr": "Chaqueta de camisa a cuadros", "action_flag": 1, "change_message": "[{\"added\": {}}]"}}, {"model": "admin.logentry", "pk": 32, "fields": {"action_time": "2024-01-27T05:56:15.589Z", "user": 1, "content_type": 9, "object_id": "28", "object_repr": "Camiseta de manga cort", "action_flag": 1, "change_message": "[{\"added\": {}}]"}}, {"model": "admin.logentry", "pk": 33, "fields": {"action_time": "2024-01-27T05:58:02.200Z", "user": 1, "content_type": 9, "object_id": "29", "object_repr": "ropa formal de oficina", "action_flag": 1, "change_message": "[{\"added\": {}}]"}}, {"model": "admin.logentry", "pk": 34, "fields": {"action_time": "2024-01-27T05:59:10.780Z", "user": 1, "content_type": 9, "object_id": "30", "object_repr": "Pantalones  de tela suave", "action_flag": 1, "change_message": "[{\"added\": {}}]"}}, {"model": "admin.logentry", "pk": 35, "fields": {"action_time": "2024-01-27T06:00:49.543Z", "user": 1, "content_type": 9, "object_id": "31", "object_repr": "Blusa de verano", "action_flag": 1, "change_message": "[{\"added\": {}}]"}}, {"model": "admin.logentry", "pk": 36, "fields": {"action_time": "2024-01-27T06:06:34.432Z", "user": 1, "content_type": 9, "object_id": "32", "object_repr": "Blusa de moda", "action_flag": 1, "change_message": "[{\"added\": {}}]"}}, {"model": "admin.logentry", "pk": 37, "fields": {"action_time": "2024-01-27T06:09:17.208Z", "user": 1, "content_type": 9, "object_id": "33", "object_repr": "Vestido de noche", "action_flag": 1, "change_message": "[{\"added\": {}}]"}}, {"model": "admin.logentry", "pk": 38, "fields": {"action_time": "2024-01-27T06:15:21.893Z", "user": 1, "content_type": 9, "object_id": "34", "object_repr": "SuÚter", "action_flag": 1, "change_message": "[{\"added\": {}}]"}}, {"model": "admin.logentry", "pk": 39, "fields": {"action_time": "2024-01-27T06:16:15.317Z", "user": 1, "content_type": 11, "object_id": "1", "object_repr": "color:blanco", "action_flag": 1, "change_message": "[{\"added\": {}}]"}}, {"model": "admin.logentry", "pk": 40, "fields": {"action_time": "2024-01-27T06:16:26.893Z", "user": 1, "content_type": 11, "object_id": "2", "object_repr": "color:negro", "action_flag": 1, "change_message": "[{\"added\": {}}]"}}, {"model": "admin.logentry", "pk": 41, "fields": {"action_time": "2024-01-27T06:16:52.741Z", "user": 1, "content_type": 11, "object_id": "3", "object_repr": "color:azul", "action_flag": 1, "change_message": "[{\"added\": {}}]"}}, {"model": "admin.logentry", "pk": 42, "fields": {"action_time": "2024-01-27T06:17:19.421Z", "user": 1, "content_type": 11, "object_id": "4", "object_repr": "talle:Large", "action_flag": 1, "change_message": "[{\"added\": {}}]"}}, {"model": "admin.logentry", "pk": 43, "fields": {"action_time": "2024-01-27T06:17:35.262Z", "user": 1, "content_type": 11, "object_id": "5", "object_repr": "talle:Medium", "action_flag": 1, "change_message": "[{\"added\": {}}]"}}, {"model": "admin.logentry", "pk": 44, "fields": {"action_time": "2024-01-27T06:17:45.522Z", "user": 1, "content_type": 11, "object_id": "6", "object_repr": "talle:short", "action_flag": 1, "change_message": "[{\"added\": {}}]"}}, {"model": "admin.logentry", "pk": 45, "fields": {"action_time": "2024-01-27T06:20:44.881Z", "user": 1, "content_type": 11, "object_id": "7", "object_repr": "talle:medium", "action_flag": 1, "change_message": "[{\"added\": {}}]"}}, {"model": "admin.logentry", "pk": 46, "fields": {"action_time": "2024-01-27T06:25:02.416Z", "user": 1, "content_type": 11, "object_id": "8", "object_repr": "talla:large", "action_flag": 1, "change_message": "[{\"added\": {}}]"}}, {"model": "admin.logentry", "pk": 47, "fields": {"action_time": "2024-01-27T06:25:46.689Z", "user": 1, "content_type": 11, "object_id": "7", "object_repr": "talle:medium", "action_flag": 3, "change_message": ""}}, {"model": "admin.logentry", "pk": 48, "fields": {"action_time": "2024-01-27T06:25:46.773Z", "user": 1, "content_type": 11, "object_id": "6", "object_repr": "talle:short", "action_flag": 3, "change_message": ""}}, {"model": "admin.logentry", "pk": 49, "fields": {"action_time": "2024-01-27T06:25:46.857Z", "user": 1, "content_type": 11, "object_id": "5", "object_repr": "talle:Medium", "action_flag": 3, "change_message": ""}}, {"model": "admin.logentry", "pk": 50, "fields": {"action_time": "2024-01-27T06:25:46.944Z", "user": 1, "content_type": 11, "object_id": "4", "object_repr": "talle:Large", "action_flag": 3, "change_message": ""}}, {"model": "admin.logentry", "pk": 51, "fields": {"action_time": "2024-01-27T06:34:34.632Z", "user": 1, "content_type": 11, "object_id": "8", "object_repr": "talla:large", "action_flag": 2, "change_message": "[]"}}, {"model": "admin.logentry", "pk": 52, "fields": {"action_time": "2024-01-27T06:39:01.135Z", "user": 1, "content_type": 11, "object_id": "9", "object_repr": "talla:medium", "action_flag": 1, "change_message": "[{\"added\": {}}]"}}, {"model": "admin.logentry", "pk": 53, "fields": {"action_time": "2024-01-27T06:39:38.109Z", "user": 1, "content_type": 11, "object_id": "10", "object_repr": "talla:short", "action_flag": 1, "change_message": "[{\"added\": {}}]"}}, {"model": "admin.logentry", "pk": 54, "fields": {"action_time": "2024-01-29T05:21:45.554Z", "user": 1, "content_type": 11, "object_id": "11", "object_repr": "color:blanco", "action_flag": 1, "change_message": "[{\"added\": {}}]"}}, {"model": "admin.logentry", "pk": 55, "fields": {"action_time": "2024-01-29T05:21:56.358Z", "user": 1, "content_type": 11, "object_id": "12", "object_repr": "color:negro", "action_flag": 1, "change_message": "[{\"added\": {}}]"}}, {"model": "admin.logentry", "pk": 56, "fields": {"action_time": "2024-01-29T05:22:27.351Z", "user": 1, "content_type": 11, "object_id": "13", "object_repr": "color:rojo", "action_flag": 1, "change_message": "[{\"added\": {}}]"}}, {"model": "admin.logentry", "pk": 57, "fields": {"action_time": "2024-01-29T05:22:42.657Z", "user": 1, "content_type": 11, "object_id": "14", "object_repr": "talla:medium", "action_flag": 1, "change_message": "[{\"added\": {}}]"}}, {"model": "admin.logentry", "pk": 58, "fields": {"action_time": "2024-01-29T05:22:51.735Z", "user": 1, "content_type": 11, "object_id": "15", "object_repr": "talla:large", "action_flag": 1, "change_message": "[{\"added\": {}}]"}}, {"model": "admin.logentry", "pk": 59, "fields": {"action_time": "2024-01-29T05:23:03.614Z", "user": 1, "content_type": 11, "object_id": "16", "object_repr": "talla:short", "action_flag": 1, "change_message": "[{\"added\": {}}]"}}, {"model": "admin.logentry", "pk": 60, "fields": {"action_time": "2024-01-29T06:29:55.899Z", "user": 1, "content_type": 15, "object_id": "11", "object_repr": "21X72615EX5205109", "action_flag": 3, "change_message": ""}}, {"model": "admin.logentry", "pk": 61, "fields": {"action_time": "2024-01-29T06:29:55.981Z", "user": 1, "content_type": 15, "object_id": "10", "object_repr": "62N35198UX5583609", "action_flag": 3, "change_message": ""}}, {"model": "admin.logentry", "pk": 62, "fields": {"action_time": "2024-01-29T06:29:56.065Z", "user": 1, "content_type": 15, "object_id": "9", "object_repr": "2RA20358J22021902", "action_flag": 3, "change_message": ""}}, {"model": "admin.logentry", "pk": 63, "fields": {"action_time": "2024-01-29T06:29:56.149Z", "user": 1, "content_type": 15, "object_id": "8", "object_repr": "7KY4524288087934H", "action_flag": 3, "change_message": ""}}, {"model": "admin.logentry", "pk": 64, "fields": {"action_time": "2024-01-29T06:29:56.235Z", "user": 1, "content_type": 15, "object_id": "7", "object_repr": "4HN405076S195494R", "action_flag": 3, "change_message": ""}}, {"model": "admin.logentry", "pk": 65, "fields": {"action_time": "2024-01-29T06:29:56.320Z", "user": 1, "content_type": 15, "object_id": "6", "object_repr": "6FA2213050754412K", "action_flag": 3, "change_message": ""}}, {"model": "admin.logentry", "pk": 66, "fields": {"action_time": "2024-01-29T06:29:56.405Z", "user": 1, "content_type": 15, "object_id": "5", "object_repr": "5KA87594FH293601T", "action_flag": 3, "change_message": ""}}, {"model": "admin.logentry", "pk": 67, "fields": {"action_time": "2024-01-29T06:29:56.491Z", "user": 1, "content_type": 15, "object_id": "4", "object_repr": "50008271KJ061625J", "action_flag": 3, "change_message": ""}}, {"model": "admin.logentry", "pk": 68, "fields": {"action_time": "2024-01-29T06:29:56.574Z", "user": 1, "content_type": 15, "object_id": "3", "object_repr": "5GT1154094488520X", "action_flag": 3, "change_message": ""}}, {"model": "admin.logentry", "pk": 69, "fields": {"action_time": "2024-01-29T06:29:56.660Z", "user": 1, "content_type": 15, "object_id": "2", "object_repr": "1JV36762NR851322B", "action_flag": 3, "change_message": ""}}, {"model": "admin.logentry", "pk": 70, "fields": {"action_time": "2024-01-29T06:29:56.745Z", "user": 1, "content_type": 15, "object_id": "1", "object_repr": "6KW77415KR169144L", "action_flag": 3, "change_message": ""}}, {"model": "admin.logentry", "pk": 71, "fields": {"action_time": "2024-01-29T17:24:39.705Z", "user": 1, "content_type": 15, "object_id": "12", "object_repr": "9X221944268845722", "action_flag": 3, "change_message": ""}}, {"model": "admin.logentry", "pk": 72, "fields": {"action_time": "2024-01-29T17:28:55.076Z", "user": 1, "content_type": 11, "object_id": "10", "object_repr": "talla:short", "action_flag": 3, "change_message": ""}}, {"model": "admin.logentry", "pk": 73, "fields": {"action_time": "2024-01-29T17:28:55.187Z", "user": 1, "content_type": 11, "object_id": "9", "object_repr": "talla:medium", "action_flag": 3, "change_message": ""}}, {"model": "admin.logentry", "pk": 74, "fields": {"action_time": "2024-01-29T17:28:55.273Z", "user": 1, "content_type": 11, "object_id": "8", "object_repr": "talla:large", "action_flag": 3, "change_message": ""}}, {"model": "admin.logentry", "pk": 75, "fields": {"action_time": "2024-01-29T17:28:55.381Z", "user": 1, "content_type": 11, "object_id": "3", "object_repr": "color:azul", "action_flag": 3, "change_message": ""}}, {"model": "admin.logentry", "pk": 76, "fields": {"action_time": "2024-01-29T17:28:55.466Z", "user": 1, "content_type": 11, "object_id": "2", "object_repr": "color:negro", "action_flag": 3, "change_message": ""}}, {"model": "admin.logentry", "pk": 77, "fields": {"action_time": "2024-01-29T17:28:55.561Z", "user": 1, "content_type": 11, "object_id": "1", "object_repr": "color:blanco", "action_flag": 3, "change_message": ""}}, {"model": "admin.logentry", "pk": 78, "fields": {"action_time": "2024-01-29T17:30:11.782Z", "user": 1, "content_type": 9, "object_id": "24", "object_repr": "Camisa de lino", "action_flag": 2, "change_message": "[{\"changed\": {\"fields\": [\"Stock\"]}}]"}}, {"model": "admin.logentry", "pk": 79, "fields": {"action_time": "2024-01-30T01:10:12.283Z", "user": 1, "content_type": 11, "object_id": "17", "object_repr": "color:blanco", "action_flag": 1, "change_message": "[{\"added\": {}}]"}}, {"model": "admin.logentry", "pk": 80, "fields": {"action_time": "2024-01-30T01:10:22.865Z", "user": 1, "content_type": 11, "object_id": "18", "object_repr": "talla:medium", "action_flag": 1, "change_message": "[{\"added\": {}}]"}}, {"model": "admin.logentry", "pk": 81, "fields": {"action_time": "2024-01-30T01:10:43.712Z", "user": 1, "content_type": 9, "object_id": "19", "object_repr": "LIUZH SuÚter de punto", "action_flag": 2, "change_message": "[{\"changed\": {\"fields\": [\"Stock\"]}}]"}}, {"model": "admin.logentry", "pk": 82, "fields": {"action_time": "2024-01-30T16:10:28.817Z", "user": 1, "content_type": 7, "object_id": "3", "object_repr": "", "action_flag": 1, "change_message": "[{\"added\": {}}]"}}, {"model": "admin.logentry", "pk": 83, "fields": {"action_time": "2024-01-30T16:22:29.130Z", "user": 1, "content_type": 14, "object_id": "114", "object_repr": "omar", "action_flag": 3, "change_message": ""}}, {"model": "admin.logentry", "pk": 84, "fields": {"action_time": "2024-01-30T16:22:29.277Z", "user": 1, "content_type": 14, "object_id": "113", "object_repr": "Omar", "action_flag": 3, "change_message": ""}}, {"model": "admin.logentry", "pk": 85, "fields": {"action_time": "2024-01-30T16:22:29.373Z", "user": 1, "content_type": 14, "object_id": "112", "object_repr": "Omar", "action_flag": 3, "change_message": ""}}, {"model": "admin.logentry", "pk": 86, "fields": {"action_time": "2024-01-30T16:22:29.457Z", "user": 1, "content_type": 14, "object_id": "111", "object_repr": "Omar", "action_flag": 3, "change_message": ""}}, {"model": "admin.logentry", "pk": 87, "fields": {"action_time": "2024-01-30T16:22:29.557Z", "user": 1, "content_type": 14, "object_id": "110", "object_repr": "omar", "action_flag": 3, "change_message": ""}}, {"model": "admin.logentry", "pk": 88, "fields": {"action_time": "2024-01-30T16:22:29.641Z", "user": 1, "content_type": 14, "object_id": "109", "object_repr": "omar", "action_flag": 3, "change_message": ""}}, {"model": "admin.logentry", "pk": 89, "fields": {"action_time": "2024-01-30T16:22:29.726Z", "user": 1, "content_type": 14, "object_id": "108", "object_repr": "omar", "action_flag": 3, "change_message": ""}}, {"model": "admin.logentry", "pk": 90, "fields": {"action_time": "2024-01-30T16:22:29.810Z", "user": 1, "content_type": 14, "object_id": "107", "object_repr": "omar", "action_flag": 3, "change_message": ""}}, {"model": "admin.logentry", "pk": 91, "fields": {"action_time": "2024-01-30T16:22:29.909Z", "user": 1, "content_type": 14, "object_id": "106", "object_repr": "omar", "action_flag": 3, "change_message": ""}}, {"model": "admin.logentry", "pk": 92, "fields": {"action_time": "2024-01-30T16:22:29.994Z", "user": 1, "content_type": 14, "object_id": "105", "object_repr": "omar", "action_flag": 3, "change_message": ""}}, {"model": "admin.logentry", "pk": 93, "fields": {"action_time": "2024-01-30T16:22:30.080Z", "user": 1, "content_type": 14, "object_id": "104", "object_repr": "omar", "action_flag": 3, "change_message": ""}}, {"model": "admin.logentry", "pk": 94, "fields": {"action_time": "2024-01-30T16:22:30.197Z", "user": 1, "content_type": 14, "object_id": "103", "object_repr": "omar", "action_flag": 3, "change_message": ""}}, {"model": "admin.logentry", "pk": 95, "fields": {"action_time": "2024-01-30T16:22:30.283Z", "user": 1, "content_type": 14, "object_id": "102", "object_repr": "omar", "action_flag": 3, "change_message": ""}}, {"model": "admin.logentry", "pk": 96, "fields": {"action_time": "2024-01-30T16:22:30.379Z", "user": 1, "content_type": 14, "object_id": "101", "object_repr": "omar", "action_flag": 3, "change_message": ""}}, {"model": "admin.logentry", "pk": 97, "fields": {"action_time": "2024-01-30T16:22:30.464Z", "user": 1, "content_type": 14, "object_id": "100", "object_repr": "omar", "action_flag": 3, "change_message": ""}}, {"model": "admin.logentry", "pk": 98, "fields": {"action_time": "2024-01-30T16:22:30.549Z", "user": 1, "content_type": 14, "object_id": "99", "object_repr": "omar", "action_flag": 3, "change_message": ""}}, {"model": "admin.logentry", "pk": 99, "fields": {"action_time": "2024-01-30T16:22:30.634Z", "user": 1, "content_type": 14, "object_id": "98", "object_repr": "omar", "action_flag": 3, "change_message": ""}}, {"model": "admin.logentry", "pk": 100, "fields": {"action_time": "2024-01-30T16:22:30.718Z", "user": 1, "content_type": 14, "object_id": "97", "object_repr": "omar", "action_flag": 3, "change_message": ""}}, {"model": "admin.logentry", "pk": 101, "fields": {"action_time": "2024-01-30T16:22:30.815Z", "user": 1, "content_type": 14, "object_id": "96", "object_repr": "omar", "action_flag": 3, "change_message": ""}}, {"model": "admin.logentry", "pk": 102, "fields": {"action_time": "2024-01-30T16:22:30.935Z", "user": 1, "content_type": 14, "object_id": "95", "object_repr": "omar", "action_flag": 3, "change_message": ""}}, {"model": "admin.logentry", "pk": 103, "fields": {"action_time": "2024-01-30T16:23:20.323Z", "user": 1, "content_type": 15, "object_id": "33", "object_repr": "7FL0443687068970A", "action_flag": 3, "change_message": ""}}, {"model": "admin.logentry", "pk": 104, "fields": {"action_time": "2024-01-30T16:23:20.405Z", "user": 1, "content_type": 15, "object_id": "32", "object_repr": "6V449520904445447", "action_flag": 3, "change_message": ""}}, {"model": "admin.logentry", "pk": 105, "fields": {"action_time": "2024-01-30T16:23:20.489Z", "user": 1, "content_type": 15, "object_id": "31", "object_repr": "71M28597K5703712V", "action_flag": 3, "change_message": ""}}, {"model": "admin.logentry", "pk": 106, "fields": {"action_time": "2024-01-30T16:23:20.564Z", "user": 1, "content_type": 15, "object_id": "30", "object_repr": "04826697AT065543T", "action_flag": 3, "change_message": ""}}, {"model": "admin.logentry", "pk": 107, "fields": {"action_time": "2024-01-30T16:23:20.807Z", "user": 1, "content_type": 15, "object_id": "29", "object_repr": "06440487LV498952M", "action_flag": 3, "change_message": ""}}, {"model": "admin.logentry", "pk": 108, "fields": {"action_time": "2024-01-30T16:23:20.892Z", "user": 1, "content_type": 15, "object_id": "28", "object_repr": "3XL89704D1758791B", "action_flag": 3, "change_message": ""}}, {"model": "admin.logentry", "pk": 109, "fields": {"action_time": "2024-01-30T16:23:20.999Z", "user": 1, "content_type": 15, "object_id": "27", "object_repr": "6NP348057Y794213E", "action_flag": 3, "change_message": ""}}, {"model": "admin.logentry", "pk": 110, "fields": {"action_time": "2024-01-30T16:23:21.072Z", "user": 1, "content_type": 15, "object_id": "26", "object_repr": "9TJ82957375274413", "action_flag": 3, "change_message": ""}}, {"model": "admin.logentry", "pk": 111, "fields": {"action_time": "2024-01-30T16:23:21.147Z", "user": 1, "content_type": 15, "object_id": "25", "object_repr": "54E04042ND618174R", "action_flag": 3, "change_message": ""}}, {"model": "admin.logentry", "pk": 112, "fields": {"action_time": "2024-01-30T16:23:21.232Z", "user": 1, "content_type": 15, "object_id": "24", "object_repr": "0S7416464N159835S", "action_flag": 3, "change_message": ""}}, {"model": "admin.logentry", "pk": 113, "fields": {"action_time": "2024-01-30T16:23:21.317Z", "user": 1, "content_type": 15, "object_id": "23", "object_repr": "9RA14087AN578813T", "action_flag": 3, "change_message": ""}}, {"model": "admin.logentry", "pk": 114, "fields": {"action_time": "2024-01-30T16:23:21.401Z", "user": 1, "content_type": 15, "object_id": "22", "object_repr": "4PE377650V093570C", "action_flag": 3, "change_message": ""}}, {"model": "admin.logentry", "pk": 115, "fields": {"action_time": "2024-01-30T16:23:21.475Z", "user": 1, "content_type": 15, "object_id": "21", "object_repr": "1UD303889J195583B", "action_flag": 3, "change_message": ""}}, {"model": "admin.logentry", "pk": 116, "fields": {"action_time": "2024-01-30T16:23:21.560Z", "user": 1, "content_type": 15, "object_id": "20", "object_repr": "1DT15790TJ971950S", "action_flag": 3, "change_message": ""}}, {"model": "admin.logentry", "pk": 117, "fields": {"action_time": "2024-01-30T16:23:21.720Z", "user": 1, "content_type": 15, "object_id": "19", "object_repr": "5C041149JT545372V", "action_flag": 3, "change_message": ""}}, {"model": "admin.logentry", "pk": 118, "fields": {"action_time": "2024-01-30T16:23:21.804Z", "user": 1, "content_type": 15, "object_id": "18", "object_repr": "9CD221779T336453P", "action_flag": 3, "change_message": ""}}, {"model": "admin.logentry", "pk": 119, "fields": {"action_time": "2024-01-30T16:23:21.888Z", "user": 1, "content_type": 15, "object_id": "17", "object_repr": "1PC09516TY9326616", "action_flag": 3, "change_message": ""}}, {"model": "admin.logentry", "pk": 120, "fields": {"action_time": "2024-01-30T16:23:22.006Z", "user": 1, "content_type": 15, "object_id": "16", "object_repr": "7D7382200L430805W", "action_flag": 3, "change_message": ""}}, {"model": "admin.logentry", "pk": 121, "fields": {"action_time": "2024-01-30T16:23:22.091Z", "user": 1, "content_type": 15, "object_id": "15", "object_repr": "2EG8727239417825G", "action_flag": 3, "change_message": ""}}, {"model": "admin.logentry", "pk": 122, "fields": {"action_time": "2024-01-30T16:23:22.176Z", "user": 1, "content_type": 15, "object_id": "14", "object_repr": "7JE66269EX122384M", "action_flag": 3, "change_message": ""}}, {"model": "admin.logentry", "pk": 123, "fields": {"action_time": "2024-01-30T16:23:22.261Z", "user": 1, "content_type": 15, "object_id": "13", "object_repr": "6KC82625MV4226906", "action_flag": 3, "change_message": ""}}, {"model": "admin.logentry", "pk": 124, "fields": {"action_time": "2024-01-31T04:38:15.611Z", "user": 1, "content_type": 14, "object_id": "118", "object_repr": "omar", "action_flag": 3, "change_message": ""}}, {"model": "admin.logentry", "pk": 125, "fields": {"action_time": "2024-01-31T04:38:15.721Z", "user": 1, "content_type": 14, "object_id": "117", "object_repr": "Perez", "action_flag": 3, "change_message": ""}}, {"model": "admin.logentry", "pk": 126, "fields": {"action_time": "2024-01-31T04:38:15.806Z", "user": 1, "content_type": 14, "object_id": "116", "object_repr": "Perez", "action_flag": 3, "change_message": ""}}, {"model": "admin.logentry", "pk": 127, "fields": {"action_time": "2024-01-31T04:38:15.890Z", "user": 1, "content_type": 14, "object_id": "115", "object_repr": "Perez", "action_flag": 3, "change_message": ""}}, {"model": "admin.logentry", "pk": 128, "fields": {"action_time": "2024-01-31T04:38:15.975Z", "user": 1, "content_type": 14, "object_id": "94", "object_repr": "omar", "action_flag": 3, "change_message": ""}}, {"model": "admin.logentry", "pk": 129, "fields": {"action_time": "2024-01-31T04:38:16.082Z", "user": 1, "content_type": 14, "object_id": "93", "object_repr": "omar", "action_flag": 3, "change_message": ""}}, {"model": "admin.logentry", "pk": 130, "fields": {"action_time": "2024-01-31T04:38:16.168Z", "user": 1, "content_type": 14, "object_id": "92", "object_repr": "omar", "action_flag": 3, "change_message": ""}}, {"model": "admin.logentry", "pk": 131, "fields": {"action_time": "2024-01-31T04:38:16.254Z", "user": 1, "content_type": 14, "object_id": "91", "object_repr": "omar", "action_flag": 3, "change_message": ""}}, {"model": "admin.logentry", "pk": 132, "fields": {"action_time": "2024-01-31T04:38:16.337Z", "user": 1, "content_type": 14, "object_id": "90", "object_repr": "omar", "action_flag": 3, "change_message": ""}}, {"model": "admin.logentry", "pk": 133, "fields": {"action_time": "2024-01-31T04:38:16.422Z", "user": 1, "content_type": 14, "object_id": "89", "object_repr": "omar", "action_flag": 3, "change_message": ""}}, {"model": "admin.logentry", "pk": 134, "fields": {"action_time": "2024-01-31T04:38:16.508Z", "user": 1, "content_type": 14, "object_id": "88", "object_repr": "omar", "action_flag": 3, "change_message": ""}}, {"model": "admin.logentry", "pk": 135, "fields": {"action_time": "2024-01-31T04:38:16.594Z", "user": 1, "content_type": 14, "object_id": "87", "object_repr": "omar", "action_flag": 3, "change_message": ""}}, {"model": "admin.logentry", "pk": 136, "fields": {"action_time": "2024-01-31T04:38:16.677Z", "user": 1, "content_type": 14, "object_id": "86", "object_repr": "omar", "action_flag": 3, "change_message": ""}}, {"model": "admin.logentry", "pk": 137, "fields": {"action_time": "2024-01-31T04:38:16.762Z", "user": 1, "content_type": 14, "object_id": "85", "object_repr": "omar", "action_flag": 3, "change_message": ""}}, {"model": "admin.logentry", "pk": 138, "fields": {"action_time": "2024-01-31T04:38:16.848Z", "user": 1, "content_type": 14, "object_id": "84", "object_repr": "omar", "action_flag": 3, "change_message": ""}}, {"model": "admin.logentry", "pk": 139, "fields": {"action_time": "2024-01-31T04:38:16.933Z", "user": 1, "content_type": 14, "object_id": "83", "object_repr": "omar", "action_flag": 3, "change_message": ""}}, {"model": "admin.logentry", "pk": 140, "fields": {"action_time": "2024-01-31T04:38:17.017Z", "user": 1, "content_type": 14, "object_id": "82", "object_repr": "omar", "action_flag": 3, "change_message": ""}}, {"model": "admin.logentry", "pk": 141, "fields": {"action_time": "2024-01-31T04:38:17.102Z", "user": 1, "content_type": 14, "object_id": "81", "object_repr": "omar", "action_flag": 3, "change_message": ""}}, {"model": "admin.logentry", "pk": 142, "fields": {"action_time": "2024-01-31T04:38:17.199Z", "user": 1, "content_type": 14, "object_id": "80", "object_repr": "omar", "action_flag": 3, "change_message": ""}}, {"model": "admin.logentry", "pk": 143, "fields": {"action_time": "2024-01-31T04:38:17.284Z", "user": 1, "content_type": 14, "object_id": "79", "object_repr": "omar", "action_flag": 3, "change_message": ""}}, {"model": "admin.logentry", "pk": 144, "fields": {"action_time": "2024-01-31T04:38:32.903Z", "user": 1, "content_type": 14, "object_id": "78", "object_repr": "omar", "action_flag": 3, "change_message": ""}}, {"model": "admin.logentry", "pk": 145, "fields": {"action_time": "2024-01-31T04:38:32.982Z", "user": 1, "content_type": 14, "object_id": "77", "object_repr": "omar", "action_flag": 3, "change_message": ""}}, {"model": "admin.logentry", "pk": 146, "fields": {"action_time": "2024-01-31T04:38:33.079Z", "user": 1, "content_type": 14, "object_id": "76", "object_repr": "omar", "action_flag": 3, "change_message": ""}}, {"model": "admin.logentry", "pk": 147, "fields": {"action_time": "2024-01-31T04:38:33.184Z", "user": 1, "content_type": 14, "object_id": "75", "object_repr": "omar", "action_flag": 3, "change_message": ""}}, {"model": "admin.logentry", "pk": 148, "fields": {"action_time": "2024-01-31T04:38:33.321Z", "user": 1, "content_type": 14, "object_id": "74", "object_repr": "omar", "action_flag": 3, "change_message": ""}}, {"model": "admin.logentry", "pk": 149, "fields": {"action_time": "2024-01-31T04:38:33.406Z", "user": 1, "content_type": 14, "object_id": "73", "object_repr": "omar", "action_flag": 3, "change_message": ""}}, {"model": "admin.logentry", "pk": 150, "fields": {"action_time": "2024-01-31T04:38:33.553Z", "user": 1, "content_type": 14, "object_id": "72", "object_repr": "omar", "action_flag": 3, "change_message": ""}}, {"model": "admin.logentry", "pk": 151, "fields": {"action_time": "2024-01-31T04:38:33.638Z", "user": 1, "content_type": 14, "object_id": "71", "object_repr": "omar", "action_flag": 3, "change_message": ""}}, {"model": "admin.logentry", "pk": 152, "fields": {"action_time": "2024-01-31T04:38:33.769Z", "user": 1, "content_type": 14, "object_id": "70", "object_repr": "omar", "action_flag": 3, "change_message": ""}}, {"model": "admin.logentry", "pk": 153, "fields": {"action_time": "2024-01-31T04:38:33.854Z", "user": 1, "content_type": 14, "object_id": "69", "object_repr": "omar", "action_flag": 3, "change_message": ""}}, {"model": "admin.logentry", "pk": 154, "fields": {"action_time": "2024-01-31T04:38:33.939Z", "user": 1, "content_type": 14, "object_id": "68", "object_repr": "omar", "action_flag": 3, "change_message": ""}}, {"model": "admin.logentry", "pk": 155, "fields": {"action_time": "2024-01-31T04:38:34.107Z", "user": 1, "content_type": 14, "object_id": "67", "object_repr": "omar", "action_flag": 3, "change_message": ""}}, {"model": "admin.logentry", "pk": 156, "fields": {"action_time": "2024-01-31T04:38:34.186Z", "user": 1, "content_type": 14, "object_id": "66", "object_repr": "omar", "action_flag": 3, "change_message": ""}}, {"model": "admin.logentry", "pk": 157, "fields": {"action_time": "2024-01-31T04:38:34.272Z", "user": 1, "content_type": 14, "object_id": "65", "object_repr": "omar", "action_flag": 3, "change_message": ""}}, {"model": "admin.logentry", "pk": 158, "fields": {"action_time": "2024-01-31T04:38:34.357Z", "user": 1, "content_type": 14, "object_id": "64", "object_repr": "omar", "action_flag": 3, "change_message": ""}}, {"model": "admin.logentry", "pk": 159, "fields": {"action_time": "2024-01-31T04:38:34.442Z", "user": 1, "content_type": 14, "object_id": "63", "object_repr": "omar", "action_flag": 3, "change_message": ""}}, {"model": "admin.logentry", "pk": 160, "fields": {"action_time": "2024-01-31T04:38:34.549Z", "user": 1, "content_type": 14, "object_id": "62", "object_repr": "omar", "action_flag": 3, "change_message": ""}}, {"model": "admin.logentry", "pk": 161, "fields": {"action_time": "2024-01-31T04:38:34.634Z", "user": 1, "content_type": 14, "object_id": "61", "object_repr": "omar", "action_flag": 3, "change_message": ""}}, {"model": "admin.logentry", "pk": 162, "fields": {"action_time": "2024-01-31T04:38:34.719Z", "user": 1, "content_type": 14, "object_id": "60", "object_repr": "omar", "action_flag": 3, "change_message": ""}}, {"model": "admin.logentry", "pk": 163, "fields": {"action_time": "2024-01-31T04:38:34.804Z", "user": 1, "content_type": 14, "object_id": "59", "object_repr": "omar", "action_flag": 3, "change_message": ""}}, {"model": "admin.logentry", "pk": 164, "fields": {"action_time": "2024-01-31T04:38:45.738Z", "user": 1, "content_type": 14, "object_id": "58", "object_repr": "omar", "action_flag": 3, "change_message": ""}}, {"model": "admin.logentry", "pk": 165, "fields": {"action_time": "2024-01-31T04:38:45.821Z", "user": 1, "content_type": 14, "object_id": "57", "object_repr": "omar", "action_flag": 3, "change_message": ""}}, {"model": "admin.logentry", "pk": 166, "fields": {"action_time": "2024-01-31T04:38:45.906Z", "user": 1, "content_type": 14, "object_id": "56", "object_repr": "omar", "action_flag": 3, "change_message": ""}}, {"model": "admin.logentry", "pk": 167, "fields": {"action_time": "2024-01-31T04:38:45.991Z", "user": 1, "content_type": 14, "object_id": "55", "object_repr": "omar", "action_flag": 3, "change_message": ""}}, {"model": "admin.logentry", "pk": 168, "fields": {"action_time": "2024-01-31T04:38:46.175Z", "user": 1, "content_type": 14, "object_id": "54", "object_repr": "omar", "action_flag": 3, "change_message": ""}}, {"model": "admin.logentry", "pk": 169, "fields": {"action_time": "2024-01-31T04:38:46.261Z", "user": 1, "content_type": 14, "object_id": "53", "object_repr": "omar", "action_flag": 3, "change_message": ""}}, {"model": "admin.logentry", "pk": 170, "fields": {"action_time": "2024-01-31T04:38:46.359Z", "user": 1, "content_type": 14, "object_id": "52", "object_repr": "omar", "action_flag": 3, "change_message": ""}}, {"model": "admin.logentry", "pk": 171, "fields": {"action_time": "2024-01-31T04:38:46.444Z", "user": 1, "content_type": 14, "object_id": "51", "object_repr": "omar", "action_flag": 3, "change_message": ""}}, {"model": "admin.logentry", "pk": 172, "fields": {"action_time": "2024-01-31T04:38:46.529Z", "user": 1, "content_type": 14, "object_id": "50", "object_repr": "omar", "action_flag": 3, "change_message": ""}}, {"model": "admin.logentry", "pk": 173, "fields": {"action_time": "2024-01-31T04:38:46.614Z", "user": 1, "content_type": 14, "object_id": "49", "object_repr": "omar", "action_flag": 3, "change_message": ""}}, {"model": "admin.logentry", "pk": 174, "fields": {"action_time": "2024-01-31T04:38:46.699Z", "user": 1, "content_type": 14, "object_id": "48", "object_repr": "omar", "action_flag": 3, "change_message": ""}}, {"model": "admin.logentry", "pk": 175, "fields": {"action_time": "2024-01-31T04:38:46.797Z", "user": 1, "content_type": 14, "object_id": "47", "object_repr": "omar", "action_flag": 3, "change_message": ""}}, {"model": "admin.logentry", "pk": 176, "fields": {"action_time": "2024-01-31T04:38:46.880Z", "user": 1, "content_type": 14, "object_id": "46", "object_repr": "omar", "action_flag": 3, "change_message": ""}}, {"model": "admin.logentry", "pk": 177, "fields": {"action_time": "2024-01-31T04:38:46.964Z", "user": 1, "content_type": 14, "object_id": "45", "object_repr": "Perez", "action_flag": 3, "change_message": ""}}, {"model": "admin.logentry", "pk": 178, "fields": {"action_time": "2024-01-31T04:38:47.050Z", "user": 1, "content_type": 14, "object_id": "44", "object_repr": "Perez", "action_flag": 3, "change_message": ""}}, {"model": "admin.logentry", "pk": 179, "fields": {"action_time": "2024-01-31T04:38:47.135Z", "user": 1, "content_type": 14, "object_id": "43", "object_repr": "omar", "action_flag": 3, "change_message": ""}}, {"model": "admin.logentry", "pk": 180, "fields": {"action_time": "2024-01-31T04:38:47.222Z", "user": 1, "content_type": 14, "object_id": "42", "object_repr": "omar", "action_flag": 3, "change_message": ""}}, {"model": "admin.logentry", "pk": 181, "fields": {"action_time": "2024-01-31T04:38:47.306Z", "user": 1, "content_type": 14, "object_id": "41", "object_repr": "Mariano", "action_flag": 3, "change_message": ""}}, {"model": "admin.logentry", "pk": 182, "fields": {"action_time": "2024-01-31T04:38:47.391Z", "user": 1, "content_type": 14, "object_id": "40", "object_repr": "Mariano", "action_flag": 3, "change_message": ""}}, {"model": "admin.logentry", "pk": 183, "fields": {"action_time": "2024-01-31T04:38:47.486Z", "user": 1, "content_type": 14, "object_id": "39", "object_repr": "Perez", "action_flag": 3, "change_message": ""}}, {"model": "admin.logentry", "pk": 184, "fields": {"action_time": "2024-01-31T04:38:58.556Z", "user": 1, "content_type": 14, "object_id": "38", "object_repr": "Perez", "action_flag": 3, "change_message": ""}}, {"model": "admin.logentry", "pk": 185, "fields": {"action_time": "2024-01-31T04:38:58.638Z", "user": 1, "content_type": 14, "object_id": "37", "object_repr": "omar", "action_flag": 3, "change_message": ""}}, {"model": "admin.logentry", "pk": 186, "fields": {"action_time": "2024-01-31T04:38:58.745Z", "user": 1, "content_type": 14, "object_id": "36", "object_repr": "omar", "action_flag": 3, "change_message": ""}}, {"model": "admin.logentry", "pk": 187, "fields": {"action_time": "2024-01-31T04:38:58.830Z", "user": 1, "content_type": 14, "object_id": "35", "object_repr": "omar", "action_flag": 3, "change_message": ""}}, {"model": "admin.logentry", "pk": 188, "fields": {"action_time": "2024-01-31T04:38:58.928Z", "user": 1, "content_type": 14, "object_id": "34", "object_repr": "omar", "action_flag": 3, "change_message": ""}}, {"model": "admin.logentry", "pk": 189, "fields": {"action_time": "2024-01-31T04:38:59.014Z", "user": 1, "content_type": 14, "object_id": "33", "object_repr": "omar", "action_flag": 3, "change_message": ""}}, {"model": "admin.logentry", "pk": 190, "fields": {"action_time": "2024-01-31T04:38:59.162Z", "user": 1, "content_type": 14, "object_id": "32", "object_repr": "omar", "action_flag": 3, "change_message": ""}}, {"model": "admin.logentry", "pk": 191, "fields": {"action_time": "2024-01-31T04:38:59.319Z", "user": 1, "content_type": 14, "object_id": "31", "object_repr": "omar", "action_flag": 3, "change_message": ""}}, {"model": "admin.logentry", "pk": 192, "fields": {"action_time": "2024-01-31T04:38:59.444Z", "user": 1, "content_type": 14, "object_id": "30", "object_repr": "omar", "action_flag": 3, "change_message": ""}}, {"model": "admin.logentry", "pk": 193, "fields": {"action_time": "2024-01-31T04:38:59.529Z", "user": 1, "content_type": 14, "object_id": "29", "object_repr": "omar", "action_flag": 3, "change_message": ""}}, {"model": "admin.logentry", "pk": 194, "fields": {"action_time": "2024-01-31T04:38:59.617Z", "user": 1, "content_type": 14, "object_id": "28", "object_repr": "omar", "action_flag": 3, "change_message": ""}}, {"model": "admin.logentry", "pk": 195, "fields": {"action_time": "2024-01-31T04:38:59.743Z", "user": 1, "content_type": 14, "object_id": "27", "object_repr": "omar", "action_flag": 3, "change_message": ""}}, {"model": "admin.logentry", "pk": 196, "fields": {"action_time": "2024-01-31T04:38:59.828Z", "user": 1, "content_type": 14, "object_id": "26", "object_repr": "omar", "action_flag": 3, "change_message": ""}}, {"model": "admin.logentry", "pk": 197, "fields": {"action_time": "2024-01-31T04:38:59.912Z", "user": 1, "content_type": 14, "object_id": "25", "object_repr": "omar", "action_flag": 3, "change_message": ""}}, {"model": "admin.logentry", "pk": 198, "fields": {"action_time": "2024-01-31T04:38:59.998Z", "user": 1, "content_type": 14, "object_id": "24", "object_repr": "omar", "action_flag": 3, "change_message": ""}}, {"model": "admin.logentry", "pk": 199, "fields": {"action_time": "2024-01-31T04:39:00.083Z", "user": 1, "content_type": 14, "object_id": "23", "object_repr": "omar", "action_flag": 3, "change_message": ""}}, {"model": "admin.logentry", "pk": 200, "fields": {"action_time": "2024-01-31T04:39:00.180Z", "user": 1, "content_type": 14, "object_id": "22", "object_repr": "omar", "action_flag": 3, "change_message": ""}}, {"model": "admin.logentry", "pk": 201, "fields": {"action_time": "2024-01-31T04:39:00.265Z", "user": 1, "content_type": 14, "object_id": "21", "object_repr": "omar", "action_flag": 3, "change_message": ""}}, {"model": "admin.logentry", "pk": 202, "fields": {"action_time": "2024-01-31T04:39:00.349Z", "user": 1, "content_type": 14, "object_id": "20", "object_repr": "omar", "action_flag": 3, "change_message": ""}}, {"model": "admin.logentry", "pk": 203, "fields": {"action_time": "2024-01-31T04:39:00.468Z", "user": 1, "content_type": 14, "object_id": "19", "object_repr": "omar", "action_flag": 3, "change_message": ""}}, {"model": "admin.logentry", "pk": 204, "fields": {"action_time": "2024-01-31T04:39:09.999Z", "user": 1, "content_type": 14, "object_id": "18", "object_repr": "omar", "action_flag": 3, "change_message": ""}}, {"model": "admin.logentry", "pk": 205, "fields": {"action_time": "2024-01-31T04:39:10.264Z", "user": 1, "content_type": 14, "object_id": "17", "object_repr": "omar", "action_flag": 3, "change_message": ""}}, {"model": "admin.logentry", "pk": 206, "fields": {"action_time": "2024-01-31T04:39:10.396Z", "user": 1, "content_type": 14, "object_id": "16", "object_repr": "Baez", "action_flag": 3, "change_message": ""}}, {"model": "admin.logentry", "pk": 207, "fields": {"action_time": "2024-01-31T04:39:10.479Z", "user": 1, "content_type": 14, "object_id": "15", "object_repr": "Mariano", "action_flag": 3, "change_message": ""}}, {"model": "admin.logentry", "pk": 208, "fields": {"action_time": "2024-01-31T04:39:10.563Z", "user": 1, "content_type": 14, "object_id": "14", "object_repr": "Mariano", "action_flag": 3, "change_message": ""}}, {"model": "admin.logentry", "pk": 209, "fields": {"action_time": "2024-01-31T04:39:10.663Z", "user": 1, "content_type": 14, "object_id": "13", "object_repr": "omar", "action_flag": 3, "change_message": ""}}, {"model": "admin.logentry", "pk": 210, "fields": {"action_time": "2024-01-31T04:39:10.748Z", "user": 1, "content_type": 14, "object_id": "12", "object_repr": "omar", "action_flag": 3, "change_message": ""}}, {"model": "admin.logentry", "pk": 211, "fields": {"action_time": "2024-01-31T04:39:10.833Z", "user": 1, "content_type": 14, "object_id": "11", "object_repr": "Perez", "action_flag": 3, "change_message": ""}}, {"model": "admin.logentry", "pk": 212, "fields": {"action_time": "2024-01-31T04:39:10.918Z", "user": 1, "content_type": 14, "object_id": "10", "object_repr": "Perez", "action_flag": 3, "change_message": ""}}, {"model": "admin.logentry", "pk": 213, "fields": {"action_time": "2024-01-31T04:39:11.004Z", "user": 1, "content_type": 14, "object_id": "9", "object_repr": "Perez", "action_flag": 3, "change_message": ""}}, {"model": "admin.logentry", "pk": 214, "fields": {"action_time": "2024-01-31T04:39:11.165Z", "user": 1, "content_type": 14, "object_id": "8", "object_repr": "Perez", "action_flag": 3, "change_message": ""}}, {"model": "admin.logentry", "pk": 215, "fields": {"action_time": "2024-01-31T04:39:11.261Z", "user": 1, "content_type": 14, "object_id": "7", "object_repr": "omar", "action_flag": 3, "change_message": ""}}, {"model": "admin.logentry", "pk": 216, "fields": {"action_time": "2024-01-31T04:39:11.347Z", "user": 1, "content_type": 14, "object_id": "6", "object_repr": "omar", "action_flag": 3, "change_message": ""}}, {"model": "admin.logentry", "pk": 217, "fields": {"action_time": "2024-01-31T04:39:11.443Z", "user": 1, "content_type": 14, "object_id": "5", "object_repr": "omar", "action_flag": 3, "change_message": ""}}, {"model": "admin.logentry", "pk": 218, "fields": {"action_time": "2024-01-31T04:39:11.527Z", "user": 1, "content_type": 14, "object_id": "4", "object_repr": "omar", "action_flag": 3, "change_message": ""}}, {"model": "admin.logentry", "pk": 219, "fields": {"action_time": "2024-01-31T04:39:11.612Z", "user": 1, "content_type": 14, "object_id": "3", "object_repr": "omar", "action_flag": 3, "change_message": ""}}, {"model": "admin.logentry", "pk": 220, "fields": {"action_time": "2024-01-31T04:39:11.698Z", "user": 1, "content_type": 14, "object_id": "2", "object_repr": "omar", "action_flag": 3, "change_message": ""}}, {"model": "admin.logentry", "pk": 221, "fields": {"action_time": "2024-01-31T04:39:11.783Z", "user": 1, "content_type": 14, "object_id": "1", "object_repr": "omar", "action_flag": 3, "change_message": ""}}, {"model": "admin.logentry", "pk": 222, "fields": {"action_time": "2024-01-31T04:39:22.597Z", "user": 1, "content_type": 15, "object_id": "36", "object_repr": "66E208234C786162N", "action_flag": 3, "change_message": ""}}, {"model": "admin.logentry", "pk": 223, "fields": {"action_time": "2024-01-31T04:39:22.676Z", "user": 1, "content_type": 15, "object_id": "35", "object_repr": "3JR98487P3291104A", "action_flag": 3, "change_message": ""}}, {"model": "admin.logentry", "pk": 224, "fields": {"action_time": "2024-01-31T04:39:22.759Z", "user": 1, "content_type": 15, "object_id": "34", "object_repr": "33878999R2495814U", "action_flag": 3, "change_message": ""}}, {"model": "auth.permission", "pk": 1, "fields": {"name": "Can add log entry", "content_type": 1, "codename": "add_logentry"}}, {"model": "auth.permission", "pk": 2, "fields": {"name": "Can change log entry", "content_type": 1, "codename": "change_logentry"}}, {"model": "auth.permission", "pk": 3, "fields": {"name": "Can delete log entry", "content_type": 1, "codename": "delete_logentry"}}, {"model": "auth.permission", "pk": 4, "fields": {"name": "Can view log entry", "content_type": 1, "codename": "view_logentry"}}, {"model": "auth.permission", "pk": 5, "fields": {"name": "Can add permission", "content_type": 2, "codename": "add_permission"}}, {"model": "auth.permission", "pk": 6, "fields": {"name": "Can change permission", "content_type": 2, "codename": "change_permission"}}, {"model": "auth.permission", "pk": 7, "fields": {"name": "Can delete permission", "content_type": 2, "codename": "delete_permission"}}, {"model": "auth.permission", "pk": 8, "fields": {"name": "Can view permission", "content_type": 2, "codename": "view_permission"}}, {"model": "auth.permission", "pk": 9, "fields": {"name": "Can add group", "content_type": 3, "codename": "add_group"}}, {"model": "auth.permission", "pk": 10, "fields": {"name": "Can change group", "content_type": 3, "codename": "change_group"}}, {"model": "auth.permission", "pk": 11, "fields": {"name": "Can delete group", "content_type": 3, "codename": "delete_group"}}, {"model": "auth.permission", "pk": 12, "fields": {"name": "Can view group", "content_type": 3, "codename": "view_group"}}, {"model": "auth.permission", "pk": 13, "fields": {"name": "Can add content type", "content_type": 4, "codename": "add_contenttype"}}, {"model": "auth.permission", "pk": 14, "fields": {"name": "Can change content type", "content_type": 4, "codename": "change_contenttype"}}, {"model": "auth.permission", "pk": 15, "fields": {"name": "Can delete content type", "content_type": 4, "codename": "delete_contenttype"}}, {"model": "auth.permission", "pk": 16, "fields": {"name": "Can view content type", "content_type": 4, "codename": "view_contenttype"}}, {"model": "auth.permission", "pk": 17, "fields": {"name": "Can add session", "content_type": 5, "codename": "add_session"}}, {"model": "auth.permission", "pk": 18, "fields": {"name": "Can change session", "content_type": 5, "codename": "change_session"}}, {"model": "auth.permission", "pk": 19, "fields": {"name": "Can delete session", "content_type": 5, "codename": "delete_session"}}, {"model": "auth.permission", "pk": 20, "fields": {"name": "Can view session", "content_type": 5, "codename": "view_session"}}, {"model": "auth.permission", "pk": 21, "fields": {"name": "Can add CategorÝa", "content_type": 6, "codename": "add_category"}}, {"model": "auth.permission", "pk": 22, "fields": {"name": "Can change CategorÝa", "content_type": 6, "codename": "change_category"}}, {"model": "auth.permission", "pk": 23, "fields": {"name": "Can delete CategorÝa", "content_type": 6, "codename": "delete_category"}}, {"model": "auth.permission", "pk": 24, "fields": {"name": "Can view CategorÝa", "content_type": 6, "codename": "view_category"}}, {"model": "auth.permission", "pk": 25, "fields": {"name": "Can add account", "content_type": 7, "codename": "add_account"}}, {"model": "auth.permission", "pk": 26, "fields": {"name": "Can change account", "content_type": 7, "codename": "change_account"}}, {"model": "auth.permission", "pk": 27, "fields": {"name": "Can delete account", "content_type": 7, "codename": "delete_account"}}, {"model": "auth.permission", "pk": 28, "fields": {"name": "Can view account", "content_type": 7, "codename": "view_account"}}, {"model": "auth.permission", "pk": 29, "fields": {"name": "Can add user profile", "content_type": 8, "codename": "add_userprofile"}}, {"model": "auth.permission", "pk": 30, "fields": {"name": "Can change user profile", "content_type": 8, "codename": "change_userprofile"}}, {"model": "auth.permission", "pk": 31, "fields": {"name": "Can delete user profile", "content_type": 8, "codename": "delete_userprofile"}}, {"model": "auth.permission", "pk": 32, "fields": {"name": "Can view user profile", "content_type": 8, "codename": "view_userprofile"}}, {"model": "auth.permission", "pk": 33, "fields": {"name": "Can add product", "content_type": 9, "codename": "add_product"}}, {"model": "auth.permission", "pk": 34, "fields": {"name": "Can change product", "content_type": 9, "codename": "change_product"}}, {"model": "auth.permission", "pk": 35, "fields": {"name": "Can delete product", "content_type": 9, "codename": "delete_product"}}, {"model": "auth.permission", "pk": 36, "fields": {"name": "Can view product", "content_type": 9, "codename": "view_product"}}, {"model": "auth.permission", "pk": 37, "fields": {"name": "Can add review rating", "content_type": 10, "codename": "add_reviewrating"}}, {"model": "auth.permission", "pk": 38, "fields": {"name": "Can change review rating", "content_type": 10, "codename": "change_reviewrating"}}, {"model": "auth.permission", "pk": 39, "fields": {"name": "Can delete review rating", "content_type": 10, "codename": "delete_reviewrating"}}, {"model": "auth.permission", "pk": 40, "fields": {"name": "Can view review rating", "content_type": 10, "codename": "view_reviewrating"}}, {"model": "auth.permission", "pk": 41, "fields": {"name": "Can add variation", "content_type": 11, "codename": "add_variation"}}, {"model": "auth.permission", "pk": 42, "fields": {"name": "Can change variation", "content_type": 11, "codename": "change_variation"}}, {"model": "auth.permission", "pk": 43, "fields": {"name": "Can delete variation", "content_type": 11, "codename": "delete_variation"}}, {"model": "auth.permission", "pk": 44, "fields": {"name": "Can view variation", "content_type": 11, "codename": "view_variation"}}, {"model": "auth.permission", "pk": 45, "fields": {"name": "Can add cart", "content_type": 12, "codename": "add_cart"}}, {"model": "auth.permission", "pk": 46, "fields": {"name": "Can change cart", "content_type": 12, "codename": "change_cart"}}, {"model": "auth.permission", "pk": 47, "fields": {"name": "Can delete cart", "content_type": 12, "codename": "delete_cart"}}, {"model": "auth.permission", "pk": 48, "fields": {"name": "Can view cart", "content_type": 12, "codename": "view_cart"}}, {"model": "auth.permission", "pk": 49, "fields": {"name": "Can add cart item", "content_type": 13, "codename": "add_cartitem"}}, {"model": "auth.permission", "pk": 50, "fields": {"name": "Can change cart item", "content_type": 13, "codename": "change_cartitem"}}, {"model": "auth.permission", "pk": 51, "fields": {"name": "Can delete cart item", "content_type": 13, "codename": "delete_cartitem"}}, {"model": "auth.permission", "pk": 52, "fields": {"name": "Can view cart item", "content_type": 13, "codename": "view_cartitem"}}, {"model": "auth.permission", "pk": 53, "fields": {"name": "Can add order", "content_type": 14, "codename": "add_order"}}, {"model": "auth.permission", "pk": 54, "fields": {"name": "Can change order", "content_type": 14, "codename": "change_order"}}, {"model": "auth.permission", "pk": 55, "fields": {"name": "Can delete order", "content_type": 14, "codename": "delete_order"}}, {"model": "auth.permission", "pk": 56, "fields": {"name": "Can view order", "content_type": 14, "codename": "view_order"}}, {"model": "auth.permission", "pk": 57, "fields": {"name": "Can add payment", "content_type": 15, "codename": "add_payment"}}, {"model": "auth.permission", "pk": 58, "fields": {"name": "Can change payment", "content_type": 15, "codename": "change_payment"}}, {"model": "auth.permission", "pk": 59, "fields": {"name": "Can delete payment", "content_type": 15, "codename": "delete_payment"}}, {"model": "auth.permission", "pk": 60, "fields": {"name": "Can view payment", "content_type": 15, "codename": "view_payment"}}, {"model": "auth.permission", "pk": 61, "fields": {"name": "Can add order product", "content_type": 16, "codename": "add_orderproduct"}}, {"model": "auth.permission", "pk": 62, "fields": {"name": "Can change order product", "content_type": 16, "codename": "change_orderproduct"}}, {"model": "auth.permission", "pk": 63, "fields": {"name": "Can delete order product", "content_type": 16, "codename": "delete_orderproduct"}}, {"model": "auth.permission", "pk": 64, "fields": {"name": "Can view order product", "content_type": 16, "codename": "view_orderproduct"}}, {"model": "contenttypes.contenttype", "pk": 1, "fields": {"app_label": "admin", "model": "logentry"}}, {"model": "contenttypes.contenttype", "pk": 2, "fields": {"app_label": "auth", "model": "permission"}}, {"model": "contenttypes.contenttype", "pk": 3, "fields": {"app_label": "auth", "model": "group"}}, {"model": "contenttypes.contenttype", "pk": 4, "fields": {"app_label": "contenttypes", "model": "contenttype"}}, {"model": "contenttypes.contenttype", "pk": 5, "fields": {"app_label": "sessions", "model": "session"}}, {"model": "contenttypes.contenttype", "pk": 6, "fields": {"app_label": "category", "model": "category"}}, {"model": "contenttypes.contenttype", "pk": 7, "fields": {"app_label": "accounts", "model": "account"}}, {"model": "contenttypes.contenttype", "pk": 8, "fields": {"app_label": "accounts", "model": "userprofile"}}, {"model": "contenttypes.contenttype", "pk": 9, "fields": {"app_label": "store", "model": "product"}}, {"model": "contenttypes.contenttype", "pk": 10, "fields": {"app_label": "store", "model": "reviewrating"}}, {"model": "contenttypes.contenttype", "pk": 11, "fields": {"app_label": "store", "model": "variation"}}, {"model": "contenttypes.contenttype", "pk": 12, "fields": {"app_label": "carts", "model": "cart"}}, {"model": "contenttypes.contenttype", "pk": 13, "fields": {"app_label": "carts", "model": "cartitem"}}, {"model": "contenttypes.contenttype", "pk": 14, "fields": {"app_label": "orders", "model": "order"}}, {"model": "contenttypes.contenttype", "pk": 15, "fields": {"app_label": "orders", "model": "payment"}}, {"model": "contenttypes.contenttype", "pk": 16, "fields": {"app_label": "orders", "model": "orderproduct"}}, {"model": "sessions.session", "pk": "5q79etw7k7fx6kpdb3dz51agqyf7fwn0", "fields": {"session_data": "e30:1rVDiW:Dkt4MDK7zFXO4iu-7SFyl1HZ0TcbLSf_IAKzXqIt_Hg", "expire_date": "2024-02-14T16:45:40.829Z"}}, {"model": "sessions.session", "pk": "d2xer9qtbt5svg1p02tqc3o8eri3tltt", "fields": {"session_data": ".eJxVjDsOwjAQBe_iGlnYzs-U9DlDtLtvgwPIkeKkQtwdIqWA9s3Me5mBtjUNW9FlmGAuxpvT78YkD807wJ3ybbYy53WZ2O6KPWix_Qx9Xg_37yBRSd-az2N0rZNAMXDliDpUgNR1R-SaGKAIovBNK1FHgIWdePUObY1Og3l_AAmIOUk:1rUVPm:AgIGHkfTSU6AHicq6DJ-SDCQeQdSRre7EXvX3kKcKuU", "expire_date": "2024-02-12T17:27:22.620Z"}}, {"model": "sessions.session", "pk": "rdy2tv3iomwavvdle78l3xeqidebxjre", "fields": {"session_data": ".eJxVjDsOwjAQBe_iGlnYzs-U9DlDtLtvgwPIkeKkQtwdIqWA9s3Me5mBtjUNW9FlmGAuxpvT78YkD807wJ3ybbYy53WZ2O6KPWix_Qx9Xg_37yBRSd-az2N0rZNAMXDliDpUgNR1R-SaGKAIovBNK1FHgIWdePUObY1Og3l_AAmIOUk:1rUgqJ:-mVZS5SINobzqiirbTWtWuRmF0HFhCBaqU3tx5U7Fg4", "expire_date": "2024-02-13T05:39:31.636Z"}}, {"model": "sessions.session", "pk": "t9urwqer8r1rhds6h5helwu0f6ib9riy", "fields": {"session_data": "e30:1rV31P:ipAKJ35PQFYFcBaxLNkCsfYaFQ251fnn54yfqoHPhXg", "expire_date": "2024-02-14T05:20:27.736Z"}}, {"model": "sessions.session", "pk": "z87irde6esyot59uhnx52q6svpwu8upz", "fields": {"session_data": ".eJxVjDsOwjAQBe_iGlnYzs-U9DlDtLtvgwPIkeKkQtwdIqWA9s3Me5mBtjUNW9FlmGAuxpvT78YkD807wJ3ybbYy53WZ2O6KPWix_Qx9Xg_37yBRSd-az2N0rZNAMXDliDpUgNR1R-SaGKAIovBNK1FHgIWdePUObY1Og3l_AAmIOUk:1rV2Nv:LbNteUXunoCUzIfHt0P5xMJwLn2HwDWJLxbeChwsG9U", "expire_date": "2024-02-14T04:39:39.535Z"}}, {"model": "category.category", "pk": 1, "fields": {"category_name": "Indumentaria Masculi", "description": "ropa para hombre", "slug": "indumentaria-masculi", "cat_image": "photos/categories/ropa_verano.jpg"}}, {"model": "category.category", "pk": 2, "fields": {"category_name": "IndumentarÝa Femenin", "description": "Ropa para mujer", "slug": "indumentaria-femenin", "cat_image": "photos/categories/femenina.jpg"}}, {"model": "category.category", "pk": 3, "fields": {"category_name": "Componentes PC", "description": "Accesorios para PC", "slug": "componentes-pc", "cat_image": "photos/categories/ACCESS_PC.jpg"}}, {"model": "category.category", "pk": 4, "fields": {"category_name": "Celulares", "description": "nuevos y avanzados", "slug": "celulares", "cat_image": "photos/categories/celulares.jpg"}}, {"model": "accounts.account", "pk": 1, "fields": {"password": "pbkdf2_sha256$720000$pJBO6GiIlOfTGGx4ujq6HS$waFUT+X9OE+okm25indO1UdNlhKiSfDjL7LAuyjSId8=", "first_name": "mariano", "last_name": "ferrer", "username": "marian", "email": "tercerpoder59@hotmail.com", "phone_number": "", "date_joined": "2024-01-26T04:14:06.412Z", "last_login": "2024-01-31T04:37:59.064Z", "is_admin": true, "is_staff": true, "is_active": true, "is_superadmin": true}}, {"model": "accounts.account", "pk": 2, "fields": {"password": "pbkdf2_sha256$720000$NAiPuXbjPucSz1yRnppK8O$oa4KfnQukTdfJMlpSnGQsw1h9qE7sXEICFBEcAjk9no=", "first_name": "omar", "last_name": "Gonzalo", "username": "mariano_fferrer", "email": "mariano_fferrer@hotmail.com", "phone_number": "43453545", "date_joined": "2024-01-26T05:40:02.184Z", "last_login": "2024-01-31T04:39:39.410Z", "is_admin": false, "is_staff": false, "is_active": true, "is_superadmin": false}}, {"model": "accounts.account", "pk": 3, "fields": {"password": "pbkdf2_sha256$720000$c8wz6XuwNntLvVpauzspoN$7SMi7S2AtC0nGXK5qF4cY2zE4iRPsFvCQ6j5LJ+S7tc=", "first_name": "", "last_name": "", "username": "fede@gmail.com", "email": "", "phone_number": "", "date_joined": "2024-01-30T16:10:28.814Z", "last_login": "2024-01-30T16:10:28.814Z", "is_admin": false, "is_staff": false, "is_active": false, "is_superadmin": false}}, {"model": "accounts.userprofile", "pk": 1, "fields": {"user": 1, "address_line_1": "", "address_line_2": "", "profile_picture": "", "city": "", "state": "", "country": ""}}, {"model": "accounts.userprofile", "pk": 2, "fields": {"user": 2, "address_line_1": "", "address_line_2": "", "profile_picture": "userprofile/cam_web.jpg", "city": "", "state": "", "country": ""}}, {"model": "store.product", "pk": 1, "fields": {"product_name": "SAMSUNG Galaxy Z Flip 3 5G", "slug": "samsung-galaxy-z-flip-3-5g", "description": "SAMSUNG Galaxy Z Flip 3 5G - TelÚfono celular Android desbloqueado de fßbrica, versi¾n estadounidense, modo flexible, cßmara intuitiva, compacta, 128 GB de almacenamiento, color negro fantasma", "price": 150000, "images": "photos/products/movible.jpg", "stock": 5, "is_available": true, "category": 4, "created_date": "2024-01-27T04:49:10.337Z", "modified_date": "2024-01-27T04:49:10.337Z"}}, {"model": "store.product", "pk": 2, "fields": {"product_name": "Apple - iPhone 11", "slug": "apple-iphone-11", "description": "Apple - iPhone 11,., 64GB, negro - desbloqueado (renovado)", "price": 200000, "images": "photos/products/samsung.jpg", "stock": 3, "is_available": true, "category": 4, "created_date": "2024-01-27T04:54:32.936Z", "modified_date": "2024-01-27T04:54:32.936Z"}}, {"model": "store.product", "pk": 3, "fields": {"product_name": "Samsung  Galaxy A13 5G,", "slug": "samsung-galaxy-a13-5g", "description": "Samsung TelÚfono celular Galaxy A13 5G, telÚfono inteligente Android desbloqueado AT&T GSM, 64 GB, baterÝa de larga duraci¾n, almacenamiento expandible, cßmara de triple lente, pantalla infinita, negro (renovado)", "price": 132000, "images": "photos/products/61xhaqnlKPL._AC_UF8941000_QL80_.jpg", "stock": 7, "is_available": true, "category": 4, "created_date": "2024-01-27T04:56:00.285Z", "modified_date": "2024-01-27T04:56:00.286Z"}}, {"model": "store.product", "pk": 4, "fields": {"product_name": "ASHATA TelÚfono celular", "slug": "ashata-telefono-celular", "description": "ASHATA TelÚfono celular Android desbloqueado, pantalla de gota de agua Full HD de 6.26 pulgadas, telÚfono celular 2G/3G, cßmara frontal 2MP trasera 2MP, 1GB + 8GB + 128GB de memoria extendida, carga rßpida de 1950 mAh (dorado)", "price": 120000, "images": "photos/products/61BxdDma4dL._AC_UF8941000_QL80_.jpg", "stock": 8, "is_available": true, "category": 4, "created_date": "2024-01-27T04:57:29.845Z", "modified_date": "2024-01-27T04:57:29.845Z"}}, {"model": "store.product", "pk": 5, "fields": {"product_name": "QIMHAI 6.7Inch ip14pro", "slug": "qimhai-67inch-ip14pro", "description": "QIMHAI 6.7Inch ip14pro TelÚfono celular desbloqueado TelÚfonos Android 2GB RAM+16GB ROM Pantalla completa Straight Talk Phone Dual Sim Boost TelÚfonos m¾viles TelÚfonos inteligentes desbloqueados", "price": 169000, "images": "photos/products/614qtDg7Y1L._AC_UF8941000_QL80_.jpg", "stock": 12, "is_available": true, "category": 4, "created_date": "2024-01-27T05:00:02.572Z", "modified_date": "2024-01-27T05:00:02.572Z"}}, {"model": "store.product", "pk": 6, "fields": {"product_name": "SAMSUNG Galaxy S23", "slug": "samsung-galaxy-s23", "description": "SAMSUNG TelÚfono celular Galaxy S23, telÚfono inteligente Android desbloqueado, 128 GB, cßmara de 50 MP, modo nocturno, grabaci¾n de video 8K, baterÝa de larga duraci¾n, procesador m¾vil mßs rßpido,", "price": 70000, "images": "photos/products/71GoXXLv9AL._AC_UF8941000_QL80_.jpg", "stock": 33, "is_available": true, "category": 4, "created_date": "2024-01-27T05:02:00.555Z", "modified_date": "2024-01-27T05:02:00.555Z"}}, {"model": "store.product", "pk": 7, "fields": {"product_name": "Computadora PC de escritorio para juegos", "slug": "computadora-pc-de-escritorio-para-juegos", "description": "STGAubron Computadora PC de escritorio para juegos, Intel Core I7 3.4 GHz hasta 3.9 GHz, Radeon RX 580 8G GDDR5, 16G RAM, 512G SSD, WiFi, Bluetooth 5.0, RGB Fanx6, teclado y mouse RGB y alfombrilla de rat¾n, barra de sonido RGB BT, W10H64", "price": 100000, "images": "photos/products/71m-rpjxqSL._AC_UF8941000_QL80_.jpg", "stock": 6, "is_available": true, "category": 3, "created_date": "2024-01-27T05:07:09.443Z", "modified_date": "2024-01-27T05:07:09.443Z"}}, {"model": "store.product", "pk": 8, "fields": {"product_name": "Procesador Intel Core i7", "slug": "procesador-intel-core-i7", "description": "Procesador Intel Core i7 û 4790 3.6 GHz 8 MB LGA 1150 CPU, OEM", "price": 40000, "images": "photos/products/61Dstdj-RL._AC_UF8941000_QL80_.jpg", "stock": 45, "is_available": true, "category": 3, "created_date": "2024-01-27T05:08:59.826Z", "modified_date": "2024-01-27T05:08:59.829Z"}}, {"model": "store.product", "pk": 9, "fields": {"product_name": "Ventilador de refrigeraci¾n", "slug": "ventilador-de-refrigeracion", "description": "Basics Ventilador de refrigeraci¾n para computadora con tecnologÝa Cooler Master, enfriador de aire de CPU, 4 tubos de calor, RGB LED PWM, aletas de aluminio", "price": 25000, "images": "photos/products/81S9q2X8-TL._AC_UF8941000_QL80_.jpg", "stock": 24, "is_available": true, "category": 3, "created_date": "2024-01-27T05:10:22.374Z", "modified_date": "2024-01-27T05:10:22.374Z"}}, {"model": "store.product", "pk": 10, "fields": {"product_name": "Procesador  AMD Ryzen 9", "slug": "procesador-amd-ryzen-9", "description": "Componentes de computadora AMD Baru Ryzen 9 5900X Baru R9 5900X PC Gamer CPU Procesador 7NM L3 = 64M 100-000000061 Soket AM4 TecnologÝa madura", "price": 18000, "images": "photos/products/71o3Yy0YFLL._AC_UF8941000_QL80_.jpg", "stock": 9, "is_available": true, "category": 3, "created_date": "2024-01-27T05:11:56.955Z", "modified_date": "2024-01-27T05:11:56.955Z"}}, {"model": "store.product", "pk": 11, "fields": {"product_name": "TECKNET Rat¾n inalßmbric", "slug": "tecknet-raton-inalambric", "description": "TECKNET Rat¾n inalßmbrico, mouse USB de 2.4 G con 6 niveles ajustables 3200 DPI, baterÝa de 30 meses, empu±aduras ergon¾micas, 6 botones portßtiles para PC, Chromebook, Mac, gris", "price": 4000, "images": "photos/products/615YY1ee2CL._AC_UF8941000_QL80_.jpg", "stock": 7, "is_available": true, "category": 3, "created_date": "2024-01-27T05:13:26.281Z", "modified_date": "2024-01-27T05:13:26.281Z"}}, {"model": "store.product", "pk": 12, "fields": {"product_name": "Mouse inalßmbrico", "slug": "mouse-inalambrico", "description": "Mouse inalßmbrico  de Logitech M525", "price": 2000, "images": "photos/products/31VFmNn9AsL.jpg", "stock": 23, "is_available": true, "category": 3, "created_date": "2024-01-27T05:15:08.064Z", "modified_date": "2024-01-27T05:15:08.064Z"}}, {"model": "store.product", "pk": 13, "fields": {"product_name": "eclado inalßmbrico Gaming", "slug": "eclado-inalambrico-gaming", "description": "KLIM Chroma Wireless - Teclado Espa±ol InglÚs - Teclado inalßmbrico Gaming - Nuevo 2023 - Teclado Gaming Ligero Durable Resistente al Agua Ergon¾mico Silencioso - Teclado Gamer PC PS4 PS5 Xbox One Mac", "price": 10000, "images": "photos/products/71GVFq2hkfL._AC_UF8941000_QL80_.jpg", "stock": 21, "is_available": true, "category": 3, "created_date": "2024-01-27T05:16:38.815Z", "modified_date": "2024-01-27T05:16:38.815Z"}}, {"model": "store.product", "pk": 14, "fields": {"product_name": "teclado mecßnico con cable para juegos", "slug": "teclado-mecanico-con-cable-para-juegos", "description": "E-YOOSO Teclado mecßnico, K-662 teclado mecßnico con cable para juegos con interruptores azules, 104 teclas de tama±o completo, reposamu±ecas, retroiluminaci¾n arcoÝris, luz lateral RGB, teclado", "price": 22000, "images": "photos/products/71c3otAalIL._AC_UF8941000_QL80_.jpg", "stock": 55, "is_available": true, "category": 3, "created_date": "2024-01-27T05:18:23.526Z", "modified_date": "2024-01-27T05:18:23.526Z"}}, {"model": "store.product", "pk": 15, "fields": {"product_name": "Monitor de computadora  de 34\"", "slug": "monitor-de-computadora-de-34", "description": "SAMSUNG Monitor de computadora de la serie S65UA de 34\", pantalla QHD ultraancha, HDR10, 100Hz, curvo, USB- C, soporte ajustable, cuidado ocular inteligente,", "price": 21000, "images": "photos/products/91otjWOtvFL._AC_UF8941000_QL80_.jpg", "stock": 11, "is_available": true, "category": 3, "created_date": "2024-01-27T05:20:15.522Z", "modified_date": "2024-01-27T05:20:15.522Z"}}, {"model": "store.product", "pk": 16, "fields": {"product_name": "Monitor de 23.8\",", "slug": "monitor-de-238", "description": "HUAWEI Display- Monitor de 23.8\", Resoluci¾n 1920 * 1080, Relaci¾n de Aspecto 16:9,", "price": 18000, "images": "photos/products/71YhOJR5ZcL._AC_UF8941000_QL80_.jpg", "stock": 4, "is_available": true, "category": 3, "created_date": "2024-01-27T05:22:00.560Z", "modified_date": "2024-01-27T05:22:00.560Z"}}, {"model": "store.product", "pk": 17, "fields": {"product_name": "ToLuLu Cßmara web", "slug": "tolulu-camara-web", "description": "ToLuLu Cßmara web 1080P con micr¾fono, cßmara web HD con soporte para trÝpode, cßmara de computadora USB de pantalla ancha, cßmara web de micr¾fono de transmisi¾n para llamadas en lÝnea/conferencias,", "price": 6000, "images": "photos/products/71c6VcE1DbL.jpg", "stock": 7, "is_available": true, "category": 3, "created_date": "2024-01-27T05:23:52.766Z", "modified_date": "2024-01-27T05:23:52.766Z"}}, {"model": "store.product", "pk": 18, "fields": {"product_name": ", disco duro de estado s¾lido", "slug": "disco-duro-de-estado-solido", "description": "acer SA100 480GB SATA III 2.5 pulgadas SSD interno - 6 Gb/s, disco duro de estado s¾lido 3D NAND hasta 560 MB/s - BL.9BWWA.103", "price": 11500, "images": "photos/products/51XT8GY3WFL._AC_UF8941000_QL80_.jpg", "stock": 7, "is_available": true, "category": 3, "created_date": "2024-01-27T05:25:33.286Z", "modified_date": "2024-01-27T05:25:33.286Z"}}, {"model": "store.product", "pk": 19, "fields": {"product_name": "LIUZH SuÚter de punto", "slug": "liuzh-sueter-de-punto", "description": "LIUZH SuÚter de punto para hombre, ropa masculina, suÚter de manga larga con cuello en V, chaqueta de gran tama±o", "price": 10000, "images": "photos/products/615GSH71H-L._AC_UF8941000_QL80_.jpg", "stock": 13, "is_available": true, "category": 1, "created_date": "2024-01-27T05:30:51.466Z", "modified_date": "2024-01-31T05:32:24.696Z"}}, {"model": "store.product", "pk": 20, "fields": {"product_name": "Camisa a rayas", "slug": "camisa-a-rayas", "description": "YKBTP Camisa a rayas para hombre, casual, de manga larga, ajustada, para hombre, ropa masculina", "price": 9000, "images": "photos/products/71SzglRU2vL._AC_UF8941000_QL80_.jpg", "stock": 8, "is_available": true, "category": 1, "created_date": "2024-01-27T05:32:45.962Z", "modified_date": "2024-01-27T05:32:45.962Z"}}, {"model": "store.product", "pk": 21, "fields": {"product_name": "Chaqueta de mezclilla de algod¾n", "slug": "chaqueta-de-mezclilla-de-algodon", "description": "Chaqueta de mezclilla de algod¾n casual para hombre de primavera estilo clßsico", "price": 8000, "images": "photos/products/61-9nxSPmYL._AC_UY1000_.jpg", "stock": 4, "is_available": true, "category": 1, "created_date": "2024-01-27T05:34:16.175Z", "modified_date": "2024-01-27T05:34:16.175Z"}}, {"model": "store.product", "pk": 22, "fields": {"product_name": "Camisa estampado de rayas", "slug": "camisa-estampado-de-rayas", "description": "Ombhsd Camisa de hombre con estampado de rayas, casual, cuello abatible, manga corta, cßrdigan a juego de color", "price": 8500, "images": "photos/products/61LDjZSODpL._AC_UF8941000_QL80_.jpg", "stock": 8, "is_available": true, "category": 1, "created_date": "2024-01-27T05:36:31.206Z", "modified_date": "2024-01-27T05:36:31.206Z"}}, {"model": "store.product", "pk": 23, "fields": {"product_name": "EVSER Camisetas masculinas", "slug": "evser-camisetas-masculinas", "description": "EVSER Camisetas masculinas camiseta de Verano Camiseta Grande Solapa Masculina abrochada Polo Camiseta Impresa de Moda Camiseta Grande Masculina", "price": 9500, "images": "photos/products/71es-RdUkjL._AC_UY1000_.jpg", "stock": 9, "is_available": true, "category": 1, "created_date": "2024-01-27T05:41:58.092Z", "modified_date": "2024-01-27T05:41:58.092Z"}}, {"model": "store.product", "pk": 24, "fields": {"product_name": "Camisa de lino", "slug": "camisa-de-lino", "description": "Hombre camisa de lino Camisa de verano Camisa de playa", "price": 7000, "images": "photos/products/yrsikd1680076094366.jpg", "stock": 0, "is_available": true, "category": 1, "created_date": "2024-01-27T05:45:08.245Z", "modified_date": "2024-01-30T05:41:53.228Z"}}, {"model": "store.product", "pk": 25, "fields": {"product_name": "Pantalones cortos", "slug": "pantalones-cortos", "description": "Pantalones cortos para hombre, bermudas de verano, pantalones cortos con solapa, pantalones cortos casuales", "price": 6800, "images": "photos/products/418HjMrfq1L._AC_SX679_.jpg", "stock": 23, "is_available": true, "category": 1, "created_date": "2024-01-27T05:48:53.562Z", "modified_date": "2024-01-27T05:48:53.562Z"}}, {"model": "store.product", "pk": 26, "fields": {"product_name": "Camisa polo masculina", "slug": "camisa-polo-masculina", "description": "Camisa polo masculina ropa verano camiseta manga corta s¾lido casual  fit hombres polo jersey de algod¾n", "price": 7000, "images": "photos/products/514qrCl0xpL._AC_UY1000_.jpg", "stock": 5, "is_available": true, "category": 1, "created_date": "2024-01-27T05:51:23.241Z", "modified_date": "2024-01-27T05:51:23.241Z"}}, {"model": "store.product", "pk": 27, "fields": {"product_name": "Chaqueta de camisa a cuadros", "slug": "chaqueta-de-camisa-a-cuadros", "description": "Chaqueta de camisa a cuadros para mujer, abrigo de primavera, abrigo a cuadros, abrigo de gran tama±o, no de lana, ropa femenina con botones", "price": 7900, "images": "photos/products/71j0EddUSTL._AC_UF8941000_QL80_.jpg", "stock": 6, "is_available": true, "category": 2, "created_date": "2024-01-27T05:54:31.626Z", "modified_date": "2024-01-27T05:54:31.626Z"}}, {"model": "store.product", "pk": 28, "fields": {"product_name": "Camiseta de manga cort", "slug": "camiseta-de-manga-cort", "description": "PDGJG Camiseta de manga corta para mujer, de algod¾n suave, de verano, con cuello sesgado, color liso, casual, ropa femenina", "price": 7000, "images": "photos/products/51LB7dN5RCL._AC_UF8941000_QL80_.jpg", "stock": 4, "is_available": true, "category": 2, "created_date": "2024-01-27T05:56:15.556Z", "modified_date": "2024-01-27T05:56:15.556Z"}}, {"model": "store.product", "pk": 29, "fields": {"product_name": "ropa formal de oficina", "slug": "ropa-formal-de-oficina", "description": "Conjunto de 3 piezas de ropa formal de oficina para mujer", "price": 9000, "images": "photos/products/51WonlHIjqL._AC_UY1000_.jpg", "stock": 7, "is_available": true, "category": 2, "created_date": "2024-01-27T05:58:02.183Z", "modified_date": "2024-01-27T05:58:02.183Z"}}, {"model": "store.product", "pk": 30, "fields": {"product_name": "Pantalones  de tela suave", "slug": "pantalones-de-tela-suave", "description": "Pantalones de mujer de tela suave de cintura alta, lavables a mßquina, cintura elßstica, pantalones de playa, ropa femenina", "price": 8000, "images": "photos/products/61I8JK8ix3L._AC_UY1000_.jpg", "stock": 5, "is_available": true, "category": 2, "created_date": "2024-01-27T05:59:10.684Z", "modified_date": "2024-01-27T05:59:10.684Z"}}, {"model": "store.product", "pk": 31, "fields": {"product_name": "Blusa de verano", "slug": "blusa-de-verano", "description": "Kasituny Blusa de verano suelta sin mangas con cuello en V para mujer, manga con volantes, color s¾lido, ropa femenina,", "price": 9000, "images": "photos/products/61WBy18NN-L._AC_UY1000_.jpg", "stock": 8, "is_available": true, "category": 2, "created_date": "2024-01-27T06:00:49.523Z", "modified_date": "2024-01-27T06:00:49.523Z"}}, {"model": "store.product", "pk": 32, "fields": {"product_name": "Blusa de moda", "slug": "blusa-de-moda", "description": "Blusa de moda para mujer, blusa de verano, camisa casual de gasa, cuello redondo, media manga, estampado floral, ropa femenina", "price": 7000, "images": "photos/products/61DaVi-PwgL._AC_UF8941000_QL80_.jpg", "stock": 7, "is_available": true, "category": 2, "created_date": "2024-01-27T06:06:34.412Z", "modified_date": "2024-01-27T06:06:34.412Z"}}, {"model": "store.product", "pk": 33, "fields": {"product_name": "Vestido de noche", "slug": "vestido-de-noche", "description": "NUZYZ Vestido de noche plisado sin mangas para fiesta , ceremonias,citas, bodas.", "price": 10000, "images": "photos/products/7153tzsSsJL._AC_UF8941000_QL80_.jpg", "stock": 3, "is_available": true, "category": 2, "created_date": "2024-01-27T06:09:17.183Z", "modified_date": "2024-01-27T06:09:17.183Z"}}, {"model": "store.product", "pk": 34, "fields": {"product_name": "SuÚter", "slug": "sueter", "description": "THREDN - SuÚter para hombre, de moda con cuello en V, cuello alto, camisa de algod¾n, casual, patchwork, manga larga, ropa masculina, casual, delgada, hip hop", "price": 11000, "images": "photos/products/613Si8LmipL._AC_UF8941000_QL80_.jpg", "stock": 0, "is_available": true, "category": 1, "created_date": "2024-01-27T06:15:21.723Z", "modified_date": "2024-01-28T04:57:23.638Z"}}, {"model": "store.variation", "pk": 11, "fields": {"product": 24, "variation_category": "color", "variation_value": "blanco", "is_active": true, "created_date": "2024-01-29T05:21:45.548Z"}}, {"model": "store.variation", "pk": 12, "fields": {"product": 24, "variation_category": "color", "variation_value": "negro", "is_active": true, "created_date": "2024-01-29T05:21:56.329Z"}}, {"model": "store.variation", "pk": 13, "fields": {"product": 24, "variation_category": "color", "variation_value": "rojo", "is_active": true, "created_date": "2024-01-29T05:22:27.269Z"}}, {"model": "store.variation", "pk": 14, "fields": {"product": 24, "variation_category": "talla", "variation_value": "medium", "is_active": true, "created_date": "2024-01-29T05:22:42.648Z"}}, {"model": "store.variation", "pk": 15, "fields": {"product": 24, "variation_category": "talla", "variation_value": "large", "is_active": true, "created_date": "2024-01-29T05:22:51.719Z"}}, {"model": "store.variation", "pk": 16, "fields": {"product": 24, "variation_category": "talla", "variation_value": "short", "is_active": true, "created_date": "2024-01-29T05:23:03.493Z"}}, {"model": "store.variation", "pk": 17, "fields": {"product": 19, "variation_category": "color", "variation_value": "blanco", "is_active": true, "created_date": "2024-01-30T01:10:12.250Z"}}, {"model": "store.variation", "pk": 18, "fields": {"product": 19, "variation_category": "talla", "variation_value": "medium", "is_active": true, "created_date": "2024-01-30T01:10:22.826Z"}}, {"model": "store.reviewrating", "pk": 1, "fields": {"product": 24, "user": 1, "subject": "Excelente", "review": "La calidad es estupenda", "rating": 4.0, "ip": "127.0.0.1", "status": true, "created_at": "2024-01-29T20:42:04.539Z", "updated_at": "2024-01-29T20:42:04.539Z"}}, {"model": "orders.payment", "pk": 37, "fields": {"user": 2, "payment_id": "33E501730R092680V", "payment_method": "PayPal", "amount_id": "10200.0", "status": "COMPLETED", "created_at": "2024-01-31T04:56:44.066Z"}}, {"model": "orders.payment", "pk": 38, "fields": {"user": 2, "payment_id": "6BG8052557622474W", "payment_method": "PayPal", "amount_id": "10200.0", "status": "COMPLETED", "created_at": "2024-01-31T05:06:56.859Z"}}, {"model": "orders.payment", "pk": 39, "fields": {"user": 2, "payment_id": "", "payment_method": "PayPal", "amount_id": "10200.0", "status": "COMPLETED", "created_at": "2024-01-31T05:22:49.640Z"}}, {"model": "orders.payment", "pk": 40, "fields": {"user": 2, "payment_id": "", "payment_method": "PayPal", "amount_id": "10200.0", "status": "COMPLETED", "created_at": "2024-01-31T05:25:13.163Z"}}, {"model": "orders.payment", "pk": 41, "fields": {"user": 2, "payment_id": "89E18190XR023144M", "payment_method": "PayPal", "amount_id": "10200.0", "status": "COMPLETED", "created_at": "2024-01-31T05:32:24.204Z"}}, {"model": "orders.order", "pk": 119, "fields": {"user": 2, "payment": null, "order_number": "20240131119", "first_name": "omar", "last_name": "Gonzalo", "phone": "3232443", "email": "innovatech71@gmail.com", "address_line_1": "Etnesto guierre", "address_line_2": "43", "state": "", "city": "Mendiolaza", "country": "Argentina", "order_note": "camisa", "order_total": 10200.0, "tax": 200.0, "status": "New", "ip": "127.0.0.1", "is_ordered": false, "created_at": "2024-01-31T04:40:32.276Z", "updated_at": "2024-01-31T04:40:32.364Z"}}, {"model": "orders.order", "pk": 120, "fields": {"user": 2, "payment": null, "order_number": "20240131120", "first_name": "omar", "last_name": "Gonzalo", "phone": "3232443", "email": "innovatech71@gmail.com", "address_line_1": "Etnesto guierre", "address_line_2": "43", "state": "", "city": "Mendiolaza", "country": "Argentina", "order_note": "camisa", "order_total": 10200.0, "tax": 200.0, "status": "New", "ip": "127.0.0.1", "is_ordered": false, "created_at": "2024-01-31T04:46:22.109Z", "updated_at": "2024-01-31T04:46:22.263Z"}}, {"model": "orders.order", "pk": 121, "fields": {"user": 2, "payment": null, "order_number": "20240131121", "first_name": "omar", "last_name": "Gonzalo", "phone": "3232443", "email": "innovatech71@gmail.com", "address_line_1": "Etnesto guierref", "address_line_2": "54", "state": "", "city": "Cosquin", "country": "Argentina", "order_note": "gfdsgfd", "order_total": 10200.0, "tax": 200.0, "status": "New", "ip": "127.0.0.1", "is_ordered": false, "created_at": "2024-01-31T04:51:10.538Z", "updated_at": "2024-01-31T04:51:10.683Z"}}, {"model": "orders.order", "pk": 122, "fields": {"user": 2, "payment": 37, "order_number": "20240131122", "first_name": "omar", "last_name": "Gonzalo", "phone": "3232443", "email": "innovatech71@gmail.com", "address_line_1": "Etnesto guierref", "address_line_2": "54", "state": "", "city": "Cosquin", "country": "Argentina", "order_note": "gfdsgfd", "order_total": 10200.0, "tax": 200.0, "status": "New", "ip": "127.0.0.1", "is_ordered": true, "created_at": "2024-01-31T04:56:28.415Z", "updated_at": "2024-01-31T04:56:44.222Z"}}, {"model": "orders.order", "pk": 123, "fields": {"user": 2, "payment": 38, "order_number": "20240131123", "first_name": "Perez", "last_name": "ferrer", "phone": "43453545", "email": "innovatech71@gmail.com", "address_line_1": "Etnesto guierref", "address_line_2": "54", "state": "", "city": "Cosquin", "country": "Argentina", "order_note": "camisa", "order_total": 10200.0, "tax": 200.0, "status": "New", "ip": "127.0.0.1", "is_ordered": true, "created_at": "2024-01-31T05:06:44.318Z", "updated_at": "2024-01-31T05:06:56.945Z"}}, {"model": "orders.order", "pk": 124, "fields": {"user": 2, "payment": null, "order_number": "20240131124", "first_name": "Arnaldo", "last_name": "Gonzalof", "phone": "3232443", "email": "innovatech71@gmail.com", "address_line_1": "Etnesto guierre", "address_line_2": "54", "state": "", "city": "Cosquin", "country": "Argentina", "order_note": "camisa", "order_total": 10200.0, "tax": 200.0, "status": "New", "ip": "127.0.0.1", "is_ordered": false, "created_at": "2024-01-31T05:16:43.513Z", "updated_at": "2024-01-31T05:16:43.666Z"}}, {"model": "orders.order", "pk": 125, "fields": {"user": 2, "payment": null, "order_number": "20240131125", "first_name": "Arnaldo", "last_name": "Gonzalof", "phone": "3232443", "email": "innovatech71@gmail.com", "address_line_1": "Etnesto guierre", "address_line_2": "54", "state": "", "city": "Cosquin", "country": "Argentina", "order_note": "camisa", "order_total": 10200.0, "tax": 200.0, "status": "New", "ip": "127.0.0.1", "is_ordered": false, "created_at": "2024-01-31T05:22:32.380Z", "updated_at": "2024-01-31T05:22:32.473Z"}}, {"model": "orders.order", "pk": 126, "fields": {"user": 2, "payment": 39, "order_number": "20240131126", "first_name": "Arnaldo", "last_name": "Gonzalof", "phone": "3232443", "email": "innovatech71@gmail.com", "address_line_1": "Etnesto guierre", "address_line_2": "54", "state": "", "city": "Cosquin", "country": "Argentina", "order_note": "camisa", "order_total": 10200.0, "tax": 200.0, "status": "New", "ip": "127.0.0.1", "is_ordered": true, "created_at": "2024-01-31T05:22:37.000Z", "updated_at": "2024-01-31T05:22:49.761Z"}}, {"model": "orders.order", "pk": 127, "fields": {"user": 2, "payment": 40, "order_number": "20240131127", "first_name": "Omar", "last_name": "fadfgf", "phone": "3232443", "email": "innovatech71@gmail.com", "address_line_1": "Etnesto guierref", "address_line_2": "1", "state": "", "city": "Cosquin", "country": "Argentina", "order_note": "camisa", "order_total": 10200.0, "tax": 200.0, "status": "New", "ip": "127.0.0.1", "is_ordered": true, "created_at": "2024-01-31T05:24:58.107Z", "updated_at": "2024-01-31T05:25:13.248Z"}}, {"model": "orders.order", "pk": 128, "fields": {"user": 2, "payment": null, "order_number": "20240131128", "first_name": "Mariano", "last_name": "fadfgf", "phone": "43453545", "email": "innovatech71@gmail.com", "address_line_1": "Etnesto guierref", "address_line_2": "43", "state": "", "city": "Mendiolaza", "country": "Argentina", "order_note": "sgfgff", "order_total": 10200.0, "tax": 200.0, "status": "New", "ip": "127.0.0.1", "is_ordered": false, "created_at": "2024-01-31T05:30:52.734Z", "updated_at": "2024-01-31T05:30:52.868Z"}}, {"model": "orders.order", "pk": 129, "fields": {"user": 2, "payment": 41, "order_number": "20240131129", "first_name": "Mariano", "last_name": "fadfgf", "phone": "43453545", "email": "innovatech71@gmail.com", "address_line_1": "Etnesto guierref", "address_line_2": "43", "state": "", "city": "Mendiolaza", "country": "Argentina", "order_note": "sgfgff", "order_total": 10200.0, "tax": 200.0, "status": "New", "ip": "127.0.0.1", "is_ordered": true, "created_at": "2024-01-31T05:32:10.896Z", "updated_at": "2024-01-31T05:32:24.311Z"}}, {"model": "orders.orderproduct", "pk": 37, "fields": {"order": 122, "payment": 37, "user": 2, "product": 19, "quantity": 1, "product_price": 10000.0, "ordered": true, "created_at": "2024-01-31T04:56:44.365Z", "updated_at": "2024-01-31T04:56:44.545Z", "variation": [17, 18]}}, {"model": "orders.orderproduct", "pk": 38, "fields": {"order": 123, "payment": 38, "user": 2, "product": 19, "quantity": 1, "product_price": 10000.0, "ordered": true, "created_at": "2024-01-31T05:06:57.040Z", "updated_at": "2024-01-31T05:06:57.246Z", "variation": [17, 18]}}, {"model": "orders.orderproduct", "pk": 39, "fields": {"order": 126, "payment": 39, "user": 2, "product": 19, "quantity": 1, "product_price": 10000.0, "ordered": true, "created_at": "2024-01-31T05:22:49.973Z", "updated_at": "2024-01-31T05:22:50.151Z", "variation": [17, 18]}}, {"model": "orders.orderproduct", "pk": 40, "fields": {"order": 127, "payment": 40, "user": 2, "product": 19, "quantity": 1, "product_price": 10000.0, "ordered": true, "created_at": "2024-01-31T05:25:13.413Z", "updated_at": "2024-01-31T05:25:13.634Z", "variation": [17, 18]}}, {"model": "orders.orderproduct", "pk": 41, "fields": {"order": 129, "payment": 41, "user": 2, "product": 19, "quantity": 1, "product_price": 10000.0, "ordered": true, "created_at": "2024-01-31T05:32:24.450Z", "updated_at": "2024-01-31T05:32:24.622Z", "variation": [17, 18]}}]
